{"type":"FeatureCollection","name":"cdhd_hex_119","metadata":{"source":"Congressional District Health Dashboard (NYU Langone Health), national Metric Map, Hex Map view","url":"https://www.congressionaldistricthealthdashboard.org/maps/national?view=hex","retrieved":"2026-09-26","districts":"119th Congress, 435 districts + DC (436 hexes)","crs":"Planar units from Leaflet CRS.Simple, x to the east, y to the north (y up). Not longitude/latitude.","grid":"Pointy-top hex grid, spacing radius 12 (column step 20.785, row step 18). Hexes drawn at radius 11.5.","ids":"geo_fips is the dashboard's ID (at-large = <state>01, DC = 1101). census_geoid_119 is the matching GEOID in Census cb_2024_us_cd119 files.","citation":"Department of Population Health, NYU Langone Health. Congressional District Health Dashboard. www.congressionaldistricthealthdashboard.org. Accessed 2026-09-26."},"features":[{"type":"Feature","id":"0101","properties":{"geo_fips":"0101","census_geoid_119":"0101","geo_name":"Alabama's 1st","state_abbr":"AL","state_fips":"01","cx":581.969071,"cy":252.0,"col2":56,"row":14,"hex_neighbors":["0102","0106","0107","1201","2804"]},"geometry":{"type":"Polygon","coordinates":[[[591.928363,246.25],[591.928363,257.75],[581.969071,263.5],[572.009779,257.75],[572.009779,246.25],[581.969071,240.5],[591.928363,246.25]]]}},{"type":"Feature","id":"0102","properties":{"geo_fips":"0102","census_geoid_119":"0102","geo_name":"Alabama's 2nd","state_abbr":"AL","state_fips":"01","cx":602.753681,"cy":252.0,"col2":58,"row":14,"hex_neighbors":["0101","0103","0106","1201","1205","1303"]},"geometry":{"type":"Polygon","coordinates":[[[612.712973,246.25],[612.712973,257.75],[602.753681,263.5],[592.794389,257.75],[592.794389,246.25],[602.753681,240.5],[612.712973,246.25]]]}},{"type":"Feature","id":"0103","properties":{"geo_fips":"0103","census_geoid_119":"0103","geo_name":"Alabama's 3rd","state_abbr":"AL","state_fips":"01","cx":613.145986,"cy":270.0,"col2":59,"row":15,"hex_neighbors":["0102","0105","0106","1303","1311","1314"]},"geometry":{"type":"Polygon","coordinates":[[[623.105278,264.25],[623.105278,275.75],[613.145986,281.5],[603.186694,275.75],[603.186694,264.25],[613.145986,258.5],[623.105278,264.25]]]}},{"type":"Feature","id":"0104","properties":{"geo_fips":"0104","census_geoid_119":"0104","geo_name":"Alabama's 4th","state_abbr":"AL","state_fips":"01","cx":581.969071,"cy":288.0,"col2":56,"row":16,"hex_neighbors":["0105","0106","0107","2801","4704","4707"]},"geometry":{"type":"Polygon","coordinates":[[[591.928363,282.25],[591.928363,293.75],[581.969071,299.5],[572.009779,293.75],[572.009779,282.25],[581.969071,276.5],[591.928363,282.25]]]}},{"type":"Feature","id":"0105","properties":{"geo_fips":"0105","census_geoid_119":"0105","geo_name":"Alabama's 5th","state_abbr":"AL","state_fips":"01","cx":602.753681,"cy":288.0,"col2":58,"row":16,"hex_neighbors":["0103","0104","0106","1314","4703","4704"]},"geometry":{"type":"Polygon","coordinates":[[[612.712973,282.25],[612.712973,293.75],[602.753681,299.5],[592.794389,293.75],[592.794389,282.25],[602.753681,276.5],[612.712973,282.25]]]}},{"type":"Feature","id":"0106","properties":{"geo_fips":"0106","census_geoid_119":"0106","geo_name":"Alabama's 6th","state_abbr":"AL","state_fips":"01","cx":592.361376,"cy":270.0,"col2":57,"row":15,"hex_neighbors":["0101","0102","0103","0104","0105","0107"]},"geometry":{"type":"Polygon","coordinates":[[[602.320668,264.25],[602.320668,275.75],[592.361376,281.5],[582.402084,275.75],[582.402084,264.25],[592.361376,258.5],[602.320668,264.25]]]}},{"type":"Feature","id":"0107","properties":{"geo_fips":"0107","census_geoid_119":"0107","geo_name":"Alabama's 7th","state_abbr":"AL","state_fips":"01","cx":571.576766,"cy":270.0,"col2":55,"row":15,"hex_neighbors":["0101","0104","0106","2801","2803","2804"]},"geometry":{"type":"Polygon","coordinates":[[[581.536058,264.25],[581.536058,275.75],[571.576766,281.5],[561.617474,275.75],[561.617474,264.25],[571.576766,258.5],[581.536058,264.25]]]}},{"type":"Feature","id":"0201","properties":{"geo_fips":"0201","census_geoid_119":"0200","geo_name":"Alaska's At-Large","state_abbr":"AK","state_fips":"02","cx":207.846097,"cy":576.0,"col2":20,"row":32,"hex_neighbors":[]},"geometry":{"type":"Polygon","coordinates":[[[217.805389,570.25],[217.805389,581.75],[207.846097,587.5],[197.886805,581.75],[197.886805,570.25],[207.846097,564.5],[217.805389,570.25]]]}},{"type":"Feature","id":"0401","properties":{"geo_fips":"0401","census_geoid_119":"0401","geo_name":"Arizona's 1st","state_abbr":"AZ","state_fips":"04","cx":301.376841,"cy":378.0,"col2":29,"row":21,"hex_neighbors":["0404","0408","0640","0641","0803","0808"]},"geometry":{"type":"Polygon","coordinates":[[[311.336133,372.25],[311.336133,383.75],[301.376841,389.5],[291.417549,383.75],[291.417549,372.25],[301.376841,366.5],[311.336133,372.25]]]}},{"type":"Feature","id":"0402","properties":{"geo_fips":"0402","census_geoid_119":"0402","geo_name":"Arizona's 2nd","state_abbr":"AZ","state_fips":"04","cx":374.122974,"cy":252.0,"col2":36,"row":14,"hex_neighbors":["0403","0651","3501","3503"]},"geometry":{"type":"Polygon","coordinates":[[[384.082266,246.25],[384.082266,257.75],[374.122974,263.5],[364.163682,257.75],[364.163682,246.25],[374.122974,240.5],[384.082266,246.25]]]}},{"type":"Feature","id":"0403","properties":{"geo_fips":"0403","census_geoid_119":"0403","geo_name":"Arizona's 3rd","state_abbr":"AZ","state_fips":"04","cx":363.73067,"cy":270.0,"col2":35,"row":15,"hex_neighbors":["0402","0405","0650","0651","0804","3503"]},"geometry":{"type":"Polygon","coordinates":[[[373.689962,264.25],[373.689962,275.75],[363.73067,281.5],[353.771378,275.75],[353.771378,264.25],[363.73067,258.5],[373.689962,264.25]]]}},{"type":"Feature","id":"0404","properties":{"geo_fips":"0404","census_geoid_119":"0404","geo_name":"Arizona's 4th","state_abbr":"AZ","state_fips":"04","cx":290.984536,"cy":396.0,"col2":28,"row":22,"hex_neighbors":["0401","0619","0641","0803","3203","4902"]},"geometry":{"type":"Polygon","coordinates":[[[300.943828,390.25],[300.943828,401.75],[290.984536,407.5],[281.025244,401.75],[281.025244,390.25],[290.984536,384.5],[300.943828,390.25]]]}},{"type":"Feature","id":"0405","properties":{"geo_fips":"0405","census_geoid_119":"0405","geo_name":"Arizona's 5th","state_abbr":"AZ","state_fips":"04","cx":353.338365,"cy":288.0,"col2":34,"row":16,"hex_neighbors":["0403","0409","0636","0650","0804","0805"]},"geometry":{"type":"Polygon","coordinates":[[[363.297657,282.25],[363.297657,293.75],[353.338365,299.5],[343.379073,293.75],[343.379073,282.25],[353.338365,276.5],[363.297657,282.25]]]}},{"type":"Feature","id":"0406","properties":{"geo_fips":"0406","census_geoid_119":"0406","geo_name":"Arizona's 6th","state_abbr":"AZ","state_fips":"04","cx":322.16145,"cy":342.0,"col2":31,"row":19,"hex_neighbors":["0407","0408","0632","0639","0801","0807"]},"geometry":{"type":"Polygon","coordinates":[[[332.120742,336.25],[332.120742,347.75],[322.16145,353.5],[312.202158,347.75],[312.202158,336.25],[322.16145,330.5],[332.120742,336.25]]]}},{"type":"Feature","id":"0407","properties":{"geo_fips":"0407","census_geoid_119":"0407","geo_name":"Arizona's 7th","state_abbr":"AZ","state_fips":"04","cx":332.553755,"cy":324.0,"col2":32,"row":18,"hex_neighbors":["0406","0409","0639","0645","0801","0806"]},"geometry":{"type":"Polygon","coordinates":[[[342.513047,318.25],[342.513047,329.75],[332.553755,335.5],[322.594463,329.75],[322.594463,318.25],[332.553755,312.5],[342.513047,318.25]]]}},{"type":"Feature","id":"0408","properties":{"geo_fips":"0408","census_geoid_119":"0408","geo_name":"Arizona's 8th","state_abbr":"AZ","state_fips":"04","cx":311.769145,"cy":360.0,"col2":30,"row":20,"hex_neighbors":["0401","0406","0632","0640","0807","0808"]},"geometry":{"type":"Polygon","coordinates":[[[321.728437,354.25],[321.728437,365.75],[311.769145,371.5],[301.809853,365.75],[301.809853,354.25],[311.769145,348.5],[321.728437,354.25]]]}},{"type":"Feature","id":"0409","properties":{"geo_fips":"0409","census_geoid_119":"0409","geo_name":"Arizona's 9th","state_abbr":"AZ","state_fips":"04","cx":342.94606,"cy":306.0,"col2":33,"row":17,"hex_neighbors":["0405","0407","0636","0645","0805","0806"]},"geometry":{"type":"Polygon","coordinates":[[[352.905352,300.25],[352.905352,311.75],[342.94606,317.5],[332.986768,311.75],[332.986768,300.25],[342.94606,294.5],[352.905352,300.25]]]}},{"type":"Feature","id":"0501","properties":{"geo_fips":"0501","census_geoid_119":"0501","geo_name":"Arkansas's 1st","state_abbr":"AR","state_fips":"05","cx":509.222937,"cy":306.0,"col2":49,"row":17,"hex_neighbors":["0502","2102","2106","2204","4709","4804"]},"geometry":{"type":"Polygon","coordinates":[[[519.182229,300.25],[519.182229,311.75],[509.222937,317.5],[499.263645,311.75],[499.263645,300.25],[509.222937,294.5],[519.182229,300.25]]]}},{"type":"Feature","id":"0502","properties":{"geo_fips":"0502","census_geoid_119":"0502","geo_name":"Arkansas's 2nd","state_abbr":"AR","state_fips":"05","cx":488.438328,"cy":306.0,"col2":47,"row":17,"hex_neighbors":["0501","0504","2101","2102","4803","4804"]},"geometry":{"type":"Polygon","coordinates":[[[498.39762,300.25],[498.39762,311.75],[488.438328,317.5],[478.479036,311.75],[478.479036,300.25],[488.438328,294.5],[498.39762,300.25]]]}},{"type":"Feature","id":"0503","properties":{"geo_fips":"0503","census_geoid_119":"0503","geo_name":"Arkansas's 3rd","state_abbr":"AR","state_fips":"05","cx":446.869108,"cy":306.0,"col2":43,"row":17,"hex_neighbors":["0504","2908","4002","4004","4824","4826"]},"geometry":{"type":"Polygon","coordinates":[[[456.8284,300.25],[456.8284,311.75],[446.869108,317.5],[436.909816,311.75],[436.909816,300.25],[446.869108,294.5],[456.8284,300.25]]]}},{"type":"Feature","id":"0504","properties":{"geo_fips":"0504","census_geoid_119":"0504","geo_name":"Arkansas's 4th","state_abbr":"AR","state_fips":"05","cx":467.653718,"cy":306.0,"col2":45,"row":17,"hex_neighbors":["0502","0503","2101","2908","4803","4824"]},"geometry":{"type":"Polygon","coordinates":[[[477.61301,300.25],[477.61301,311.75],[467.653718,317.5],[457.694426,311.75],[457.694426,300.25],[467.653718,294.5],[477.61301,300.25]]]}},{"type":"Feature","id":"0601","properties":{"geo_fips":"0601","census_geoid_119":"0601","geo_name":"California's 1st","state_abbr":"CA","state_fips":"06","cx":228.630707,"cy":468.0,"col2":22,"row":26,"hex_neighbors":["0602","0603","0604","0605","4101","4105"]},"geometry":{"type":"Polygon","coordinates":[[[238.589999,462.25],[238.589999,473.75],[228.630707,479.5],[218.671415,473.75],[218.671415,462.25],[228.630707,456.5],[238.589999,462.25]]]}},{"type":"Feature","id":"0602","properties":{"geo_fips":"0602","census_geoid_119":"0602","geo_name":"California's 2nd","state_abbr":"CA","state_fips":"06","cx":207.846097,"cy":468.0,"col2":20,"row":26,"hex_neighbors":["0601","0605","4101"]},"geometry":{"type":"Polygon","coordinates":[[[217.805389,462.25],[217.805389,473.75],[207.846097,479.5],[197.886805,473.75],[197.886805,462.25],[207.846097,456.5],[217.805389,462.25]]]}},{"type":"Feature","id":"0603","properties":{"geo_fips":"0603","census_geoid_119":"0603","geo_name":"California's 3rd","state_abbr":"CA","state_fips":"06","cx":239.023011,"cy":450.0,"col2":23,"row":25,"hex_neighbors":["0601","0604","0605","0606","0607","0609"]},"geometry":{"type":"Polygon","coordinates":[[[248.982303,444.25],[248.982303,455.75],[239.023011,461.5],[229.063719,455.75],[229.063719,444.25],[239.023011,438.5],[248.982303,444.25]]]}},{"type":"Feature","id":"0604","properties":{"geo_fips":"0604","census_geoid_119":"0604","geo_name":"California's 4th","state_abbr":"CA","state_fips":"06","cx":249.415316,"cy":468.0,"col2":24,"row":26,"hex_neighbors":["0601","0603","0606","3202","4105","4106"]},"geometry":{"type":"Polygon","coordinates":[[[259.374608,462.25],[259.374608,473.75],[249.415316,479.5],[239.456024,473.75],[239.456024,462.25],[249.415316,456.5],[259.374608,462.25]]]}},{"type":"Feature","id":"0605","properties":{"geo_fips":"0605","census_geoid_119":"0605","geo_name":"California's 5th","state_abbr":"CA","state_fips":"06","cx":218.238402,"cy":450.0,"col2":21,"row":25,"hex_neighbors":["0601","0602","0603","0609","0611"]},"geometry":{"type":"Polygon","coordinates":[[[228.197694,444.25],[228.197694,455.75],[218.238402,461.5],[208.27911,455.75],[208.27911,444.25],[218.238402,438.5],[228.197694,444.25]]]}},{"type":"Feature","id":"0606","properties":{"geo_fips":"0606","census_geoid_119":"0606","geo_name":"California's 6th","state_abbr":"CA","state_fips":"06","cx":259.807621,"cy":450.0,"col2":25,"row":25,"hex_neighbors":["0603","0604","0607","0610","3202","3204"]},"geometry":{"type":"Polygon","coordinates":[[[269.766913,444.25],[269.766913,455.75],[259.807621,461.5],[249.848329,455.75],[249.848329,444.25],[259.807621,438.5],[269.766913,444.25]]]}},{"type":"Feature","id":"0607","properties":{"geo_fips":"0607","census_geoid_119":"0607","geo_name":"California's 7th","state_abbr":"CA","state_fips":"06","cx":249.415316,"cy":432.0,"col2":24,"row":24,"hex_neighbors":["0603","0606","0608","0609","0610","0615"]},"geometry":{"type":"Polygon","coordinates":[[[259.374608,426.25],[259.374608,437.75],[249.415316,443.5],[239.456024,437.75],[239.456024,426.25],[249.415316,420.5],[259.374608,426.25]]]}},{"type":"Feature","id":"0608","properties":{"geo_fips":"0608","census_geoid_119":"0608","geo_name":"California's 8th","state_abbr":"CA","state_fips":"06","cx":259.807621,"cy":414.0,"col2":25,"row":23,"hex_neighbors":["0607","0610","0615","0617","0619","3203"]},"geometry":{"type":"Polygon","coordinates":[[[269.766913,408.25],[269.766913,419.75],[259.807621,425.5],[249.848329,419.75],[249.848329,408.25],[259.807621,402.5],[269.766913,408.25]]]}},{"type":"Feature","id":"0609","properties":{"geo_fips":"0609","census_geoid_119":"0609","geo_name":"California's 9th","state_abbr":"CA","state_fips":"06","cx":228.630707,"cy":432.0,"col2":22,"row":24,"hex_neighbors":["0603","0605","0607","0611","0613","0615"]},"geometry":{"type":"Polygon","coordinates":[[[238.589999,426.25],[238.589999,437.75],[228.630707,443.5],[218.671415,437.75],[218.671415,426.25],[228.630707,420.5],[238.589999,426.25]]]}},{"type":"Feature","id":"0610","properties":{"geo_fips":"0610","census_geoid_119":"0610","geo_name":"California's 10th","state_abbr":"CA","state_fips":"06","cx":270.199926,"cy":432.0,"col2":26,"row":24,"hex_neighbors":["0606","0607","0608","3201","3203","3204"]},"geometry":{"type":"Polygon","coordinates":[[[280.159218,426.25],[280.159218,437.75],[270.199926,443.5],[260.240634,437.75],[260.240634,426.25],[270.199926,420.5],[280.159218,426.25]]]}},{"type":"Feature","id":"0611","properties":{"geo_fips":"0611","census_geoid_119":"0611","geo_name":"California's 11th","state_abbr":"CA","state_fips":"06","cx":207.846097,"cy":432.0,"col2":20,"row":24,"hex_neighbors":["0605","0609","0613"]},"geometry":{"type":"Polygon","coordinates":[[[217.805389,426.25],[217.805389,437.75],[207.846097,443.5],[197.886805,437.75],[197.886805,426.25],[207.846097,420.5],[217.805389,426.25]]]}},{"type":"Feature","id":"0612","properties":{"geo_fips":"0612","census_geoid_119":"0612","geo_name":"California's 12th","state_abbr":"CA","state_fips":"06","cx":207.846097,"cy":396.0,"col2":20,"row":22,"hex_neighbors":["0613","0614","0618"]},"geometry":{"type":"Polygon","coordinates":[[[217.805389,390.25],[217.805389,401.75],[207.846097,407.5],[197.886805,401.75],[197.886805,390.25],[207.846097,384.5],[217.805389,390.25]]]}},{"type":"Feature","id":"0613","properties":{"geo_fips":"0613","census_geoid_119":"0613","geo_name":"California's 13th","state_abbr":"CA","state_fips":"06","cx":218.238402,"cy":414.0,"col2":21,"row":23,"hex_neighbors":["0609","0611","0612","0614","0615"]},"geometry":{"type":"Polygon","coordinates":[[[228.197694,408.25],[228.197694,419.75],[218.238402,425.5],[208.27911,419.75],[208.27911,408.25],[218.238402,402.5],[228.197694,408.25]]]}},{"type":"Feature","id":"0614","properties":{"geo_fips":"0614","census_geoid_119":"0614","geo_name":"California's 14th","state_abbr":"CA","state_fips":"06","cx":228.630707,"cy":396.0,"col2":22,"row":22,"hex_neighbors":["0612","0613","0615","0616","0617","0618"]},"geometry":{"type":"Polygon","coordinates":[[[238.589999,390.25],[238.589999,401.75],[228.630707,407.5],[218.671415,401.75],[218.671415,390.25],[228.630707,384.5],[238.589999,390.25]]]}},{"type":"Feature","id":"0615","properties":{"geo_fips":"0615","census_geoid_119":"0615","geo_name":"California's 15th","state_abbr":"CA","state_fips":"06","cx":239.023011,"cy":414.0,"col2":23,"row":23,"hex_neighbors":["0607","0608","0609","0613","0614","0617"]},"geometry":{"type":"Polygon","coordinates":[[[248.982303,408.25],[248.982303,419.75],[239.023011,425.5],[229.063719,419.75],[229.063719,408.25],[239.023011,402.5],[248.982303,408.25]]]}},{"type":"Feature","id":"0616","properties":{"geo_fips":"0616","census_geoid_119":"0616","geo_name":"California's 16th","state_abbr":"CA","state_fips":"06","cx":239.023011,"cy":378.0,"col2":23,"row":21,"hex_neighbors":["0614","0617","0618","0621","0622","0623"]},"geometry":{"type":"Polygon","coordinates":[[[248.982303,372.25],[248.982303,383.75],[239.023011,389.5],[229.063719,383.75],[229.063719,372.25],[239.023011,366.5],[248.982303,372.25]]]}},{"type":"Feature","id":"0617","properties":{"geo_fips":"0617","census_geoid_119":"0617","geo_name":"California's 17th","state_abbr":"CA","state_fips":"06","cx":249.415316,"cy":396.0,"col2":24,"row":22,"hex_neighbors":["0608","0614","0615","0616","0619","0622"]},"geometry":{"type":"Polygon","coordinates":[[[259.374608,390.25],[259.374608,401.75],[249.415316,407.5],[239.456024,401.75],[239.456024,390.25],[249.415316,384.5],[259.374608,390.25]]]}},{"type":"Feature","id":"0618","properties":{"geo_fips":"0618","census_geoid_119":"0618","geo_name":"California's 18th","state_abbr":"CA","state_fips":"06","cx":218.238402,"cy":378.0,"col2":21,"row":21,"hex_neighbors":["0612","0614","0616","0620","0621"]},"geometry":{"type":"Polygon","coordinates":[[[228.197694,372.25],[228.197694,383.75],[218.238402,389.5],[208.27911,383.75],[208.27911,372.25],[218.238402,366.5],[228.197694,372.25]]]}},{"type":"Feature","id":"0619","properties":{"geo_fips":"0619","census_geoid_119":"0619","geo_name":"California's 19th","state_abbr":"CA","state_fips":"06","cx":270.199926,"cy":396.0,"col2":26,"row":22,"hex_neighbors":["0404","0608","0617","0622","0641","3203"]},"geometry":{"type":"Polygon","coordinates":[[[280.159218,390.25],[280.159218,401.75],[270.199926,407.5],[260.240634,401.75],[260.240634,390.25],[270.199926,384.5],[280.159218,390.25]]]}},{"type":"Feature","id":"0620","properties":{"geo_fips":"0620","census_geoid_119":"0620","geo_name":"California's 20th","state_abbr":"CA","state_fips":"06","cx":207.846097,"cy":360.0,"col2":20,"row":20,"hex_neighbors":["0618","0621","0624"]},"geometry":{"type":"Polygon","coordinates":[[[217.805389,354.25],[217.805389,365.75],[207.846097,371.5],[197.886805,365.75],[197.886805,354.25],[207.846097,348.5],[217.805389,354.25]]]}},{"type":"Feature","id":"0621","properties":{"geo_fips":"0621","census_geoid_119":"0621","geo_name":"California's 21st","state_abbr":"CA","state_fips":"06","cx":228.630707,"cy":360.0,"col2":22,"row":20,"hex_neighbors":["0616","0618","0620","0623","0624","0625"]},"geometry":{"type":"Polygon","coordinates":[[[238.589999,354.25],[238.589999,365.75],[228.630707,371.5],[218.671415,365.75],[218.671415,354.25],[228.630707,348.5],[238.589999,354.25]]]}},{"type":"Feature","id":"0622","properties":{"geo_fips":"0622","census_geoid_119":"0622","geo_name":"California's 22nd","state_abbr":"CA","state_fips":"06","cx":259.807621,"cy":378.0,"col2":25,"row":21,"hex_neighbors":["0616","0617","0619","0623","0631","0641"]},"geometry":{"type":"Polygon","coordinates":[[[269.766913,372.25],[269.766913,383.75],[259.807621,389.5],[249.848329,383.75],[249.848329,372.25],[259.807621,366.5],[269.766913,372.25]]]}},{"type":"Feature","id":"0623","properties":{"geo_fips":"0623","census_geoid_119":"0623","geo_name":"California's 23rd","state_abbr":"CA","state_fips":"06","cx":249.415316,"cy":360.0,"col2":24,"row":20,"hex_neighbors":["0616","0621","0622","0625","0627","0631"]},"geometry":{"type":"Polygon","coordinates":[[[259.374608,354.25],[259.374608,365.75],[249.415316,371.5],[239.456024,365.75],[239.456024,354.25],[249.415316,348.5],[259.374608,354.25]]]}},{"type":"Feature","id":"0624","properties":{"geo_fips":"0624","census_geoid_119":"0624","geo_name":"California's 24th","state_abbr":"CA","state_fips":"06","cx":218.238402,"cy":342.0,"col2":21,"row":19,"hex_neighbors":["0620","0621","0625","0626"]},"geometry":{"type":"Polygon","coordinates":[[[228.197694,336.25],[228.197694,347.75],[218.238402,353.5],[208.27911,347.75],[208.27911,336.25],[218.238402,330.5],[228.197694,336.25]]]}},{"type":"Feature","id":"0625","properties":{"geo_fips":"0625","census_geoid_119":"0625","geo_name":"California's 25th","state_abbr":"CA","state_fips":"06","cx":239.023011,"cy":342.0,"col2":23,"row":19,"hex_neighbors":["0621","0623","0624","0626","0627","0630"]},"geometry":{"type":"Polygon","coordinates":[[[248.982303,336.25],[248.982303,347.75],[239.023011,353.5],[229.063719,347.75],[229.063719,336.25],[239.023011,330.5],[248.982303,336.25]]]}},{"type":"Feature","id":"0626","properties":{"geo_fips":"0626","census_geoid_119":"0626","geo_name":"California's 26th","state_abbr":"CA","state_fips":"06","cx":228.630707,"cy":324.0,"col2":22,"row":18,"hex_neighbors":["0624","0625","0630","0633"]},"geometry":{"type":"Polygon","coordinates":[[[238.589999,318.25],[238.589999,329.75],[228.630707,335.5],[218.671415,329.75],[218.671415,318.25],[228.630707,312.5],[238.589999,318.25]]]}},{"type":"Feature","id":"0627","properties":{"geo_fips":"0627","census_geoid_119":"0627","geo_name":"California's 27th","state_abbr":"CA","state_fips":"06","cx":259.807621,"cy":342.0,"col2":25,"row":19,"hex_neighbors":["0623","0625","0629","0630","0631","0635"]},"geometry":{"type":"Polygon","coordinates":[[[269.766913,336.25],[269.766913,347.75],[259.807621,353.5],[249.848329,347.75],[249.848329,336.25],[259.807621,330.5],[269.766913,336.25]]]}},{"type":"Feature","id":"0628","properties":{"geo_fips":"0628","census_geoid_119":"0628","geo_name":"California's 28th","state_abbr":"CA","state_fips":"06","cx":290.984536,"cy":324.0,"col2":28,"row":18,"hex_neighbors":["0629","0632","0634","0635","0638","0639"]},"geometry":{"type":"Polygon","coordinates":[[[300.943828,318.25],[300.943828,329.75],[290.984536,335.5],[281.025244,329.75],[281.025244,318.25],[290.984536,312.5],[300.943828,318.25]]]}},{"type":"Feature","id":"0629","properties":{"geo_fips":"0629","census_geoid_119":"0629","geo_name":"California's 29th","state_abbr":"CA","state_fips":"06","cx":270.199926,"cy":324.0,"col2":26,"row":18,"hex_neighbors":["0627","0628","0630","0634","0635","0637"]},"geometry":{"type":"Polygon","coordinates":[[[280.159218,318.25],[280.159218,329.75],[270.199926,335.5],[260.240634,329.75],[260.240634,318.25],[270.199926,312.5],[280.159218,318.25]]]}},{"type":"Feature","id":"0630","properties":{"geo_fips":"0630","census_geoid_119":"0630","geo_name":"California's 30th","state_abbr":"CA","state_fips":"06","cx":249.415316,"cy":324.0,"col2":24,"row":18,"hex_neighbors":["0625","0626","0627","0629","0633","0637"]},"geometry":{"type":"Polygon","coordinates":[[[259.374608,318.25],[259.374608,329.75],[249.415316,335.5],[239.456024,329.75],[239.456024,318.25],[249.415316,312.5],[259.374608,318.25]]]}},{"type":"Feature","id":"0631","properties":{"geo_fips":"0631","census_geoid_119":"0631","geo_name":"California's 31st","state_abbr":"CA","state_fips":"06","cx":270.199926,"cy":360.0,"col2":26,"row":20,"hex_neighbors":["0622","0623","0627","0635","0640","0641"]},"geometry":{"type":"Polygon","coordinates":[[[280.159218,354.25],[280.159218,365.75],[270.199926,371.5],[260.240634,365.75],[260.240634,354.25],[270.199926,348.5],[280.159218,354.25]]]}},{"type":"Feature","id":"0632","properties":{"geo_fips":"0632","census_geoid_119":"0632","geo_name":"California's 32nd","state_abbr":"CA","state_fips":"06","cx":301.376841,"cy":342.0,"col2":29,"row":19,"hex_neighbors":["0406","0408","0628","0635","0639","0640"]},"geometry":{"type":"Polygon","coordinates":[[[311.336133,336.25],[311.336133,347.75],[301.376841,353.5],[291.417549,347.75],[291.417549,336.25],[301.376841,330.5],[311.336133,336.25]]]}},{"type":"Feature","id":"0633","properties":{"geo_fips":"0633","census_geoid_119":"0633","geo_name":"California's 33rd","state_abbr":"CA","state_fips":"06","cx":239.023011,"cy":306.0,"col2":23,"row":17,"hex_neighbors":["0626","0630","0637","0643"]},"geometry":{"type":"Polygon","coordinates":[[[248.982303,300.25],[248.982303,311.75],[239.023011,317.5],[229.063719,311.75],[229.063719,300.25],[239.023011,294.5],[248.982303,300.25]]]}},{"type":"Feature","id":"0634","properties":{"geo_fips":"0634","census_geoid_119":"0634","geo_name":"California's 34th","state_abbr":"CA","state_fips":"06","cx":280.592231,"cy":306.0,"col2":27,"row":17,"hex_neighbors":["0628","0629","0637","0638","0644","0647"]},"geometry":{"type":"Polygon","coordinates":[[[290.551523,300.25],[290.551523,311.75],[280.592231,317.5],[270.632939,311.75],[270.632939,300.25],[280.592231,294.5],[290.551523,300.25]]]}},{"type":"Feature","id":"0635","properties":{"geo_fips":"0635","census_geoid_119":"0635","geo_name":"California's 35th","state_abbr":"CA","state_fips":"06","cx":280.592231,"cy":342.0,"col2":27,"row":19,"hex_neighbors":["0627","0628","0629","0631","0632","0640"]},"geometry":{"type":"Polygon","coordinates":[[[290.551523,336.25],[290.551523,347.75],[280.592231,353.5],[270.632939,347.75],[270.632939,336.25],[280.592231,330.5],[290.551523,336.25]]]}},{"type":"Feature","id":"0636","properties":{"geo_fips":"0636","census_geoid_119":"0636","geo_name":"California's 36th","state_abbr":"CA","state_fips":"06","cx":332.553755,"cy":288.0,"col2":32,"row":16,"hex_neighbors":["0405","0409","0642","0645","0646","0650"]},"geometry":{"type":"Polygon","coordinates":[[[342.513047,282.25],[342.513047,293.75],[332.553755,299.5],[322.594463,293.75],[322.594463,282.25],[332.553755,276.5],[342.513047,282.25]]]}},{"type":"Feature","id":"0637","properties":{"geo_fips":"0637","census_geoid_119":"0637","geo_name":"California's 37th","state_abbr":"CA","state_fips":"06","cx":259.807621,"cy":306.0,"col2":25,"row":17,"hex_neighbors":["0629","0630","0633","0634","0643","0644"]},"geometry":{"type":"Polygon","coordinates":[[[269.766913,300.25],[269.766913,311.75],[259.807621,317.5],[249.848329,311.75],[249.848329,300.25],[259.807621,294.5],[269.766913,300.25]]]}},{"type":"Feature","id":"0638","properties":{"geo_fips":"0638","census_geoid_119":"0638","geo_name":"California's 38th","state_abbr":"CA","state_fips":"06","cx":301.376841,"cy":306.0,"col2":29,"row":17,"hex_neighbors":["0628","0634","0639","0645","0646","0647"]},"geometry":{"type":"Polygon","coordinates":[[[311.336133,300.25],[311.336133,311.75],[301.376841,317.5],[291.417549,311.75],[291.417549,300.25],[301.376841,294.5],[311.336133,300.25]]]}},{"type":"Feature","id":"0639","properties":{"geo_fips":"0639","census_geoid_119":"0639","geo_name":"California's 39th","state_abbr":"CA","state_fips":"06","cx":311.769145,"cy":324.0,"col2":30,"row":18,"hex_neighbors":["0406","0407","0628","0632","0638","0645"]},"geometry":{"type":"Polygon","coordinates":[[[321.728437,318.25],[321.728437,329.75],[311.769145,335.5],[301.809853,329.75],[301.809853,318.25],[311.769145,312.5],[321.728437,318.25]]]}},{"type":"Feature","id":"0640","properties":{"geo_fips":"0640","census_geoid_119":"0640","geo_name":"California's 40th","state_abbr":"CA","state_fips":"06","cx":290.984536,"cy":360.0,"col2":28,"row":20,"hex_neighbors":["0401","0408","0631","0632","0635","0641"]},"geometry":{"type":"Polygon","coordinates":[[[300.943828,354.25],[300.943828,365.75],[290.984536,371.5],[281.025244,365.75],[281.025244,354.25],[290.984536,348.5],[300.943828,354.25]]]}},{"type":"Feature","id":"0641","properties":{"geo_fips":"0641","census_geoid_119":"0641","geo_name":"California's 41st","state_abbr":"CA","state_fips":"06","cx":280.592231,"cy":378.0,"col2":27,"row":21,"hex_neighbors":["0401","0404","0619","0622","0631","0640"]},"geometry":{"type":"Polygon","coordinates":[[[290.551523,372.25],[290.551523,383.75],[280.592231,389.5],[270.632939,383.75],[270.632939,372.25],[280.592231,366.5],[290.551523,372.25]]]}},{"type":"Feature","id":"0642","properties":{"geo_fips":"0642","census_geoid_119":"0642","geo_name":"California's 42nd","state_abbr":"CA","state_fips":"06","cx":322.16145,"cy":270.0,"col2":31,"row":15,"hex_neighbors":["0636","0646","0649","0650","0652"]},"geometry":{"type":"Polygon","coordinates":[[[332.120742,264.25],[332.120742,275.75],[322.16145,281.5],[312.202158,275.75],[312.202158,264.25],[322.16145,258.5],[332.120742,264.25]]]}},{"type":"Feature","id":"0643","properties":{"geo_fips":"0643","census_geoid_119":"0643","geo_name":"California's 43rd","state_abbr":"CA","state_fips":"06","cx":249.415316,"cy":288.0,"col2":24,"row":16,"hex_neighbors":["0633","0637","0644"]},"geometry":{"type":"Polygon","coordinates":[[[259.374608,282.25],[259.374608,293.75],[249.415316,299.5],[239.456024,293.75],[239.456024,282.25],[249.415316,276.5],[259.374608,282.25]]]}},{"type":"Feature","id":"0644","properties":{"geo_fips":"0644","census_geoid_119":"0644","geo_name":"California's 44th","state_abbr":"CA","state_fips":"06","cx":270.199926,"cy":288.0,"col2":26,"row":16,"hex_neighbors":["0634","0637","0643","0647","0648"]},"geometry":{"type":"Polygon","coordinates":[[[280.159218,282.25],[280.159218,293.75],[270.199926,299.5],[260.240634,293.75],[260.240634,282.25],[270.199926,276.5],[280.159218,282.25]]]}},{"type":"Feature","id":"0645","properties":{"geo_fips":"0645","census_geoid_119":"0645","geo_name":"California's 45th","state_abbr":"CA","state_fips":"06","cx":322.16145,"cy":306.0,"col2":31,"row":17,"hex_neighbors":["0407","0409","0636","0638","0639","0646"]},"geometry":{"type":"Polygon","coordinates":[[[332.120742,300.25],[332.120742,311.75],[322.16145,317.5],[312.202158,311.75],[312.202158,300.25],[322.16145,294.5],[332.120742,300.25]]]}},{"type":"Feature","id":"0646","properties":{"geo_fips":"0646","census_geoid_119":"0646","geo_name":"California's 46th","state_abbr":"CA","state_fips":"06","cx":311.769145,"cy":288.0,"col2":30,"row":16,"hex_neighbors":["0636","0638","0642","0645","0647","0649"]},"geometry":{"type":"Polygon","coordinates":[[[321.728437,282.25],[321.728437,293.75],[311.769145,299.5],[301.809853,293.75],[301.809853,282.25],[311.769145,276.5],[321.728437,282.25]]]}},{"type":"Feature","id":"0647","properties":{"geo_fips":"0647","census_geoid_119":"0647","geo_name":"California's 47th","state_abbr":"CA","state_fips":"06","cx":290.984536,"cy":288.0,"col2":28,"row":16,"hex_neighbors":["0634","0638","0644","0646","0648","0649"]},"geometry":{"type":"Polygon","coordinates":[[[300.943828,282.25],[300.943828,293.75],[290.984536,299.5],[281.025244,293.75],[281.025244,282.25],[290.984536,276.5],[300.943828,282.25]]]}},{"type":"Feature","id":"0648","properties":{"geo_fips":"0648","census_geoid_119":"0648","geo_name":"California's 48th","state_abbr":"CA","state_fips":"06","cx":280.592231,"cy":270.0,"col2":27,"row":15,"hex_neighbors":["0644","0647","0649"]},"geometry":{"type":"Polygon","coordinates":[[[290.551523,264.25],[290.551523,275.75],[280.592231,281.5],[270.632939,275.75],[270.632939,264.25],[280.592231,258.5],[290.551523,264.25]]]}},{"type":"Feature","id":"0649","properties":{"geo_fips":"0649","census_geoid_119":"0649","geo_name":"California's 49th","state_abbr":"CA","state_fips":"06","cx":301.376841,"cy":270.0,"col2":29,"row":15,"hex_neighbors":["0642","0646","0647","0648","0652"]},"geometry":{"type":"Polygon","coordinates":[[[311.336133,264.25],[311.336133,275.75],[301.376841,281.5],[291.417549,275.75],[291.417549,264.25],[301.376841,258.5],[311.336133,264.25]]]}},{"type":"Feature","id":"0650","properties":{"geo_fips":"0650","census_geoid_119":"0650","geo_name":"California's 50th","state_abbr":"CA","state_fips":"06","cx":342.94606,"cy":270.0,"col2":33,"row":15,"hex_neighbors":["0403","0405","0636","0642","0651"]},"geometry":{"type":"Polygon","coordinates":[[[352.905352,264.25],[352.905352,275.75],[342.94606,281.5],[332.986768,275.75],[332.986768,264.25],[342.94606,258.5],[352.905352,264.25]]]}},{"type":"Feature","id":"0651","properties":{"geo_fips":"0651","census_geoid_119":"0651","geo_name":"California's 51st","state_abbr":"CA","state_fips":"06","cx":353.338365,"cy":252.0,"col2":34,"row":14,"hex_neighbors":["0402","0403","0650"]},"geometry":{"type":"Polygon","coordinates":[[[363.297657,246.25],[363.297657,257.75],[353.338365,263.5],[343.379073,257.75],[343.379073,246.25],[353.338365,240.5],[363.297657,246.25]]]}},{"type":"Feature","id":"0652","properties":{"geo_fips":"0652","census_geoid_119":"0652","geo_name":"California's 52nd","state_abbr":"CA","state_fips":"06","cx":311.769145,"cy":252.0,"col2":30,"row":14,"hex_neighbors":["0642","0649"]},"geometry":{"type":"Polygon","coordinates":[[[321.728437,246.25],[321.728437,257.75],[311.769145,263.5],[301.809853,257.75],[301.809853,246.25],[311.769145,240.5],[321.728437,246.25]]]}},{"type":"Feature","id":"0801","properties":{"geo_fips":"0801","census_geoid_119":"0801","geo_name":"Colorado's 1st","state_abbr":"CO","state_fips":"08","cx":342.94606,"cy":342.0,"col2":33,"row":19,"hex_neighbors":["0406","0407","0806","0807","2002","2003"]},"geometry":{"type":"Polygon","coordinates":[[[352.905352,336.25],[352.905352,347.75],[342.94606,353.5],[332.986768,347.75],[332.986768,336.25],[342.94606,330.5],[352.905352,336.25]]]}},{"type":"Feature","id":"0802","properties":{"geo_fips":"0802","census_geoid_119":"0802","geo_name":"Colorado's 2nd","state_abbr":"CO","state_fips":"08","cx":322.16145,"cy":414.0,"col2":31,"row":23,"hex_neighbors":["0803","2001","3101","3103","4902","4904"]},"geometry":{"type":"Polygon","coordinates":[[[332.120742,408.25],[332.120742,419.75],[322.16145,425.5],[312.202158,419.75],[312.202158,408.25],[322.16145,402.5],[332.120742,408.25]]]}},{"type":"Feature","id":"0803","properties":{"geo_fips":"0803","census_geoid_119":"0803","geo_name":"Colorado's 3rd","state_abbr":"CO","state_fips":"08","cx":311.769145,"cy":396.0,"col2":30,"row":22,"hex_neighbors":["0401","0404","0802","0808","2001","4902"]},"geometry":{"type":"Polygon","coordinates":[[[321.728437,390.25],[321.728437,401.75],[311.769145,407.5],[301.809853,401.75],[301.809853,390.25],[311.769145,384.5],[321.728437,390.25]]]}},{"type":"Feature","id":"0804","properties":{"geo_fips":"0804","census_geoid_119":"0804","geo_name":"Colorado's 4th","state_abbr":"CO","state_fips":"08","cx":374.122974,"cy":288.0,"col2":36,"row":16,"hex_neighbors":["0403","0405","0805","3503","4811","4819"]},"geometry":{"type":"Polygon","coordinates":[[[384.082266,282.25],[384.082266,293.75],[374.122974,299.5],[364.163682,293.75],[364.163682,282.25],[374.122974,276.5],[384.082266,282.25]]]}},{"type":"Feature","id":"0805","properties":{"geo_fips":"0805","census_geoid_119":"0805","geo_name":"Colorado's 5th","state_abbr":"CO","state_fips":"08","cx":363.73067,"cy":306.0,"col2":35,"row":17,"hex_neighbors":["0405","0409","0804","0806","4003","4819"]},"geometry":{"type":"Polygon","coordinates":[[[373.689962,300.25],[373.689962,311.75],[363.73067,317.5],[353.771378,311.75],[353.771378,300.25],[363.73067,294.5],[373.689962,300.25]]]}},{"type":"Feature","id":"0806","properties":{"geo_fips":"0806","census_geoid_119":"0806","geo_name":"Colorado's 6th","state_abbr":"CO","state_fips":"08","cx":353.338365,"cy":324.0,"col2":34,"row":18,"hex_neighbors":["0407","0409","0801","0805","2002","4003"]},"geometry":{"type":"Polygon","coordinates":[[[363.297657,318.25],[363.297657,329.75],[353.338365,335.5],[343.379073,329.75],[343.379073,318.25],[353.338365,312.5],[363.297657,318.25]]]}},{"type":"Feature","id":"0807","properties":{"geo_fips":"0807","census_geoid_119":"0807","geo_name":"Colorado's 7th","state_abbr":"CO","state_fips":"08","cx":332.553755,"cy":360.0,"col2":32,"row":20,"hex_neighbors":["0406","0408","0801","0808","2003","2004"]},"geometry":{"type":"Polygon","coordinates":[[[342.513047,354.25],[342.513047,365.75],[332.553755,371.5],[322.594463,365.75],[322.594463,354.25],[332.553755,348.5],[342.513047,354.25]]]}},{"type":"Feature","id":"0808","properties":{"geo_fips":"0808","census_geoid_119":"0808","geo_name":"Colorado's 8th","state_abbr":"CO","state_fips":"08","cx":322.16145,"cy":378.0,"col2":31,"row":21,"hex_neighbors":["0401","0408","0803","0807","2001","2004"]},"geometry":{"type":"Polygon","coordinates":[[[332.120742,372.25],[332.120742,383.75],[322.16145,389.5],[312.202158,383.75],[312.202158,372.25],[322.16145,366.5],[332.120742,372.25]]]}},{"type":"Feature","id":"0901","properties":{"geo_fips":"0901","census_geoid_119":"0901","geo_name":"Connecticut's 1st","state_abbr":"CT","state_fips":"09","cx":758.638254,"cy":486.0,"col2":73,"row":27,"hex_neighbors":["0902","0903","0905","2504","3302","5001"]},"geometry":{"type":"Polygon","coordinates":[[[768.597546,480.25],[768.597546,491.75],[758.638254,497.5],[748.678962,491.75],[748.678962,480.25],[758.638254,474.5],[768.597546,480.25]]]}},{"type":"Feature","id":"0902","properties":{"geo_fips":"0902","census_geoid_119":"0902","geo_name":"Connecticut's 2nd","state_abbr":"CT","state_fips":"09","cx":769.030559,"cy":468.0,"col2":74,"row":26,"hex_neighbors":["0901","0903","0904","2504","4401","4402"]},"geometry":{"type":"Polygon","coordinates":[[[778.989851,462.25],[778.989851,473.75],[769.030559,479.5],[759.071267,473.75],[759.071267,462.25],[769.030559,456.5],[778.989851,462.25]]]}},{"type":"Feature","id":"0903","properties":{"geo_fips":"0903","census_geoid_119":"0903","geo_name":"Connecticut's 3rd","state_abbr":"CT","state_fips":"09","cx":748.245949,"cy":468.0,"col2":72,"row":26,"hex_neighbors":["0901","0902","0904","0905","3604","3610"]},"geometry":{"type":"Polygon","coordinates":[[[758.205241,462.25],[758.205241,473.75],[748.245949,479.5],[738.286657,473.75],[738.286657,462.25],[748.245949,456.5],[758.205241,462.25]]]}},{"type":"Feature","id":"0904","properties":{"geo_fips":"0904","census_geoid_119":"0904","geo_name":"Connecticut's 4th","state_abbr":"CT","state_fips":"09","cx":758.638254,"cy":450.0,"col2":73,"row":25,"hex_neighbors":["0902","0903","3601","3602","3604","4402"]},"geometry":{"type":"Polygon","coordinates":[[[768.597546,444.25],[768.597546,455.75],[758.638254,461.5],[748.678962,455.75],[748.678962,444.25],[758.638254,438.5],[768.597546,444.25]]]}},{"type":"Feature","id":"0905","properties":{"geo_fips":"0905","census_geoid_119":"0905","geo_name":"Connecticut's 5th","state_abbr":"CT","state_fips":"09","cx":737.853644,"cy":486.0,"col2":71,"row":27,"hex_neighbors":["0901","0903","3610","3619","3621","5001"]},"geometry":{"type":"Polygon","coordinates":[[[747.812936,480.25],[747.812936,491.75],[737.853644,497.5],[727.894352,491.75],[727.894352,480.25],[737.853644,474.5],[747.812936,480.25]]]}},{"type":"Feature","id":"1001","properties":{"geo_fips":"1001","census_geoid_119":"1000","geo_name":"Delaware's At-Large","state_abbr":"DE","state_fips":"10","cx":717.069034,"cy":378.0,"col2":69,"row":21,"hex_neighbors":["1101","2401","2404","2405","3403"]},"geometry":{"type":"Polygon","coordinates":[[[727.028326,372.25],[727.028326,383.75],[717.069034,389.5],[707.109742,383.75],[707.109742,372.25],[717.069034,366.5],[727.028326,372.25]]]}},{"type":"Feature","id":"1101","properties":{"geo_fips":"1101","census_geoid_119":"1198","geo_name":"District of Columbia's At-Large","state_abbr":"DC","state_fips":"11","cx":727.461339,"cy":396.0,"col2":70,"row":22,"hex_neighbors":["1001","3403","3410"]},"geometry":{"type":"Polygon","coordinates":[[[737.420631,390.25],[737.420631,401.75],[727.461339,407.5],[717.502047,401.75],[717.502047,390.25],[727.461339,384.5],[737.420631,390.25]]]}},{"type":"Feature","id":"1201","properties":{"geo_fips":"1201","census_geoid_119":"1201","geo_name":"Florida's 1st","state_abbr":"FL","state_fips":"12","cx":592.361376,"cy":234.0,"col2":57,"row":13,"hex_neighbors":["0101","0102","1202","1205"]},"geometry":{"type":"Polygon","coordinates":[[[602.320668,228.25],[602.320668,239.75],[592.361376,245.5],[582.402084,239.75],[582.402084,228.25],[592.361376,222.5],[602.320668,228.25]]]}},{"type":"Feature","id":"1202","properties":{"geo_fips":"1202","census_geoid_119":"1202","geo_name":"Florida's 2nd","state_abbr":"FL","state_fips":"12","cx":602.753681,"cy":216.0,"col2":58,"row":12,"hex_neighbors":["1201","1205","1211","1213"]},"geometry":{"type":"Polygon","coordinates":[[[612.712973,210.25],[612.712973,221.75],[602.753681,227.5],[592.794389,221.75],[592.794389,210.25],[602.753681,204.5],[612.712973,210.25]]]}},{"type":"Feature","id":"1203","properties":{"geo_fips":"1203","census_geoid_119":"1203","geo_name":"Florida's 3rd","state_abbr":"FL","state_fips":"12","cx":644.3229,"cy":216.0,"col2":62,"row":12,"hex_neighbors":["1204","1211","1212","1214","1302","1310"]},"geometry":{"type":"Polygon","coordinates":[[[654.282192,210.25],[654.282192,221.75],[644.3229,227.5],[634.363608,221.75],[634.363608,210.25],[644.3229,204.5],[654.282192,210.25]]]}},{"type":"Feature","id":"1204","properties":{"geo_fips":"1204","census_geoid_119":"1204","geo_name":"Florida's 4th","state_abbr":"FL","state_fips":"12","cx":665.10751,"cy":216.0,"col2":64,"row":12,"hex_neighbors":["1203","1206","1214","1216","1308","1310"]},"geometry":{"type":"Polygon","coordinates":[[[675.066802,210.25],[675.066802,221.75],[665.10751,227.5],[655.148218,221.75],[655.148218,210.25],[665.10751,204.5],[675.066802,210.25]]]}},{"type":"Feature","id":"1205","properties":{"geo_fips":"1205","census_geoid_119":"1205","geo_name":"Florida's 5th","state_abbr":"FL","state_fips":"12","cx":613.145986,"cy":234.0,"col2":59,"row":13,"hex_neighbors":["0102","1201","1202","1211","1302","1303"]},"geometry":{"type":"Polygon","coordinates":[[[623.105278,228.25],[623.105278,239.75],[613.145986,245.5],[603.186694,239.75],[603.186694,228.25],[613.145986,222.5],[623.105278,228.25]]]}},{"type":"Feature","id":"1206","properties":{"geo_fips":"1206","census_geoid_119":"1206","geo_name":"Florida's 6th","state_abbr":"FL","state_fips":"12","cx":685.89212,"cy":216.0,"col2":66,"row":12,"hex_neighbors":["1204","1207","1215","1216","1308","1312"]},"geometry":{"type":"Polygon","coordinates":[[[695.851412,210.25],[695.851412,221.75],[685.89212,227.5],[675.932828,221.75],[675.932828,210.25],[685.89212,204.5],[695.851412,210.25]]]}},{"type":"Feature","id":"1207","properties":{"geo_fips":"1207","census_geoid_119":"1207","geo_name":"Florida's 7th","state_abbr":"FL","state_fips":"12","cx":706.676729,"cy":216.0,"col2":68,"row":12,"hex_neighbors":["1206","1208","1209","1215","1301","1312"]},"geometry":{"type":"Polygon","coordinates":[[[716.636021,210.25],[716.636021,221.75],[706.676729,227.5],[696.717437,221.75],[696.717437,210.25],[706.676729,204.5],[716.636021,210.25]]]}},{"type":"Feature","id":"1208","properties":{"geo_fips":"1208","census_geoid_119":"1208","geo_name":"Florida's 8th","state_abbr":"FL","state_fips":"12","cx":727.461339,"cy":216.0,"col2":70,"row":12,"hex_neighbors":["1207","1209","1218","1301"]},"geometry":{"type":"Polygon","coordinates":[[[737.420631,210.25],[737.420631,221.75],[727.461339,227.5],[717.502047,221.75],[717.502047,210.25],[727.461339,204.5],[737.420631,210.25]]]}},{"type":"Feature","id":"1209","properties":{"geo_fips":"1209","census_geoid_119":"1209","geo_name":"Florida's 9th","state_abbr":"FL","state_fips":"12","cx":717.069034,"cy":198.0,"col2":69,"row":11,"hex_neighbors":["1207","1208","1215","1217","1218","1220"]},"geometry":{"type":"Polygon","coordinates":[[[727.028326,192.25],[727.028326,203.75],[717.069034,209.5],[707.109742,203.75],[707.109742,192.25],[717.069034,186.5],[727.028326,192.25]]]}},{"type":"Feature","id":"1210","properties":{"geo_fips":"1210","census_geoid_119":"1210","geo_name":"Florida's 10th","state_abbr":"FL","state_fips":"12","cx":748.245949,"cy":180.0,"col2":72,"row":10,"hex_neighbors":["1218","1220","1221","1222"]},"geometry":{"type":"Polygon","coordinates":[[[758.205241,174.25],[758.205241,185.75],[748.245949,191.5],[738.286657,185.75],[738.286657,174.25],[748.245949,168.5],[758.205241,174.25]]]}},{"type":"Feature","id":"1211","properties":{"geo_fips":"1211","census_geoid_119":"1211","geo_name":"Florida's 11th","state_abbr":"FL","state_fips":"12","cx":623.538291,"cy":216.0,"col2":60,"row":12,"hex_neighbors":["1202","1203","1205","1212","1213","1302"]},"geometry":{"type":"Polygon","coordinates":[[[633.497583,210.25],[633.497583,221.75],[623.538291,227.5],[613.578999,221.75],[613.578999,210.25],[623.538291,204.5],[633.497583,210.25]]]}},{"type":"Feature","id":"1212","properties":{"geo_fips":"1212","census_geoid_119":"1212","geo_name":"Florida's 12th","state_abbr":"FL","state_fips":"12","cx":633.930596,"cy":198.0,"col2":61,"row":11,"hex_neighbors":["1203","1211","1213","1214"]},"geometry":{"type":"Polygon","coordinates":[[[643.889888,192.25],[643.889888,203.75],[633.930596,209.5],[623.971304,203.75],[623.971304,192.25],[633.930596,186.5],[643.889888,192.25]]]}},{"type":"Feature","id":"1213","properties":{"geo_fips":"1213","census_geoid_119":"1213","geo_name":"Florida's 13th","state_abbr":"FL","state_fips":"12","cx":613.145986,"cy":198.0,"col2":59,"row":11,"hex_neighbors":["1202","1211","1212"]},"geometry":{"type":"Polygon","coordinates":[[[623.105278,192.25],[623.105278,203.75],[613.145986,209.5],[603.186694,203.75],[603.186694,192.25],[613.145986,186.5],[623.105278,192.25]]]}},{"type":"Feature","id":"1214","properties":{"geo_fips":"1214","census_geoid_119":"1214","geo_name":"Florida's 14th","state_abbr":"FL","state_fips":"12","cx":654.715205,"cy":198.0,"col2":63,"row":11,"hex_neighbors":["1203","1204","1212","1216"]},"geometry":{"type":"Polygon","coordinates":[[[664.674497,192.25],[664.674497,203.75],[654.715205,209.5],[644.755913,203.75],[644.755913,192.25],[654.715205,186.5],[664.674497,192.25]]]}},{"type":"Feature","id":"1215","properties":{"geo_fips":"1215","census_geoid_119":"1215","geo_name":"Florida's 15th","state_abbr":"FL","state_fips":"12","cx":696.284425,"cy":198.0,"col2":67,"row":11,"hex_neighbors":["1206","1207","1209","1216","1217"]},"geometry":{"type":"Polygon","coordinates":[[[706.243717,192.25],[706.243717,203.75],[696.284425,209.5],[686.325133,203.75],[686.325133,192.25],[696.284425,186.5],[706.243717,192.25]]]}},{"type":"Feature","id":"1216","properties":{"geo_fips":"1216","census_geoid_119":"1216","geo_name":"Florida's 16th","state_abbr":"FL","state_fips":"12","cx":675.499815,"cy":198.0,"col2":65,"row":11,"hex_neighbors":["1204","1206","1214","1215"]},"geometry":{"type":"Polygon","coordinates":[[[685.459107,192.25],[685.459107,203.75],[675.499815,209.5],[665.540523,203.75],[665.540523,192.25],[675.499815,186.5],[685.459107,192.25]]]}},{"type":"Feature","id":"1217","properties":{"geo_fips":"1217","census_geoid_119":"1217","geo_name":"Florida's 17th","state_abbr":"FL","state_fips":"12","cx":706.676729,"cy":180.0,"col2":68,"row":10,"hex_neighbors":["1209","1215","1219","1220"]},"geometry":{"type":"Polygon","coordinates":[[[716.636021,174.25],[716.636021,185.75],[706.676729,191.5],[696.717437,185.75],[696.717437,174.25],[706.676729,168.5],[716.636021,174.25]]]}},{"type":"Feature","id":"1218","properties":{"geo_fips":"1218","census_geoid_119":"1218","geo_name":"Florida's 18th","state_abbr":"FL","state_fips":"12","cx":737.853644,"cy":198.0,"col2":71,"row":11,"hex_neighbors":["1208","1209","1210","1220"]},"geometry":{"type":"Polygon","coordinates":[[[747.812936,192.25],[747.812936,203.75],[737.853644,209.5],[727.894352,203.75],[727.894352,192.25],[737.853644,186.5],[747.812936,192.25]]]}},{"type":"Feature","id":"1219","properties":{"geo_fips":"1219","census_geoid_119":"1219","geo_name":"Florida's 19th","state_abbr":"FL","state_fips":"12","cx":717.069034,"cy":162.0,"col2":69,"row":9,"hex_neighbors":["1217","1220","1221","1225"]},"geometry":{"type":"Polygon","coordinates":[[[727.028326,156.25],[727.028326,167.75],[717.069034,173.5],[707.109742,167.75],[707.109742,156.25],[717.069034,150.5],[727.028326,156.25]]]}},{"type":"Feature","id":"1220","properties":{"geo_fips":"1220","census_geoid_119":"1220","geo_name":"Florida's 20th","state_abbr":"FL","state_fips":"12","cx":727.461339,"cy":180.0,"col2":70,"row":10,"hex_neighbors":["1209","1210","1217","1218","1219","1221"]},"geometry":{"type":"Polygon","coordinates":[[[737.420631,174.25],[737.420631,185.75],[727.461339,191.5],[717.502047,185.75],[717.502047,174.25],[727.461339,168.5],[737.420631,174.25]]]}},{"type":"Feature","id":"1221","properties":{"geo_fips":"1221","census_geoid_119":"1221","geo_name":"Florida's 21st","state_abbr":"FL","state_fips":"12","cx":737.853644,"cy":162.0,"col2":71,"row":9,"hex_neighbors":["1210","1219","1220","1222","1223","1225"]},"geometry":{"type":"Polygon","coordinates":[[[747.812936,156.25],[747.812936,167.75],[737.853644,173.5],[727.894352,167.75],[727.894352,156.25],[737.853644,150.5],[747.812936,156.25]]]}},{"type":"Feature","id":"1222","properties":{"geo_fips":"1222","census_geoid_119":"1222","geo_name":"Florida's 22nd","state_abbr":"FL","state_fips":"12","cx":758.638254,"cy":162.0,"col2":73,"row":9,"hex_neighbors":["1210","1221","1223","1224"]},"geometry":{"type":"Polygon","coordinates":[[[768.597546,156.25],[768.597546,167.75],[758.638254,173.5],[748.678962,167.75],[748.678962,156.25],[758.638254,150.5],[768.597546,156.25]]]}},{"type":"Feature","id":"1223","properties":{"geo_fips":"1223","census_geoid_119":"1223","geo_name":"Florida's 23rd","state_abbr":"FL","state_fips":"12","cx":748.245949,"cy":144.0,"col2":72,"row":8,"hex_neighbors":["1221","1222","1224","1225","1226"]},"geometry":{"type":"Polygon","coordinates":[[[758.205241,138.25],[758.205241,149.75],[748.245949,155.5],[738.286657,149.75],[738.286657,138.25],[748.245949,132.5],[758.205241,138.25]]]}},{"type":"Feature","id":"1224","properties":{"geo_fips":"1224","census_geoid_119":"1224","geo_name":"Florida's 24th","state_abbr":"FL","state_fips":"12","cx":769.030559,"cy":144.0,"col2":74,"row":8,"hex_neighbors":["1222","1223","1226","1227"]},"geometry":{"type":"Polygon","coordinates":[[[778.989851,138.25],[778.989851,149.75],[769.030559,155.5],[759.071267,149.75],[759.071267,138.25],[769.030559,132.5],[778.989851,138.25]]]}},{"type":"Feature","id":"1225","properties":{"geo_fips":"1225","census_geoid_119":"1225","geo_name":"Florida's 25th","state_abbr":"FL","state_fips":"12","cx":727.461339,"cy":144.0,"col2":70,"row":8,"hex_neighbors":["1219","1221","1223"]},"geometry":{"type":"Polygon","coordinates":[[[737.420631,138.25],[737.420631,149.75],[727.461339,155.5],[717.502047,149.75],[717.502047,138.25],[727.461339,132.5],[737.420631,138.25]]]}},{"type":"Feature","id":"1226","properties":{"geo_fips":"1226","census_geoid_119":"1226","geo_name":"Florida's 26th","state_abbr":"FL","state_fips":"12","cx":758.638254,"cy":126.0,"col2":73,"row":7,"hex_neighbors":["1223","1224","1227","1228"]},"geometry":{"type":"Polygon","coordinates":[[[768.597546,120.25],[768.597546,131.75],[758.638254,137.5],[748.678962,131.75],[748.678962,120.25],[758.638254,114.5],[768.597546,120.25]]]}},{"type":"Feature","id":"1227","properties":{"geo_fips":"1227","census_geoid_119":"1227","geo_name":"Florida's 27th","state_abbr":"FL","state_fips":"12","cx":779.422863,"cy":126.0,"col2":75,"row":7,"hex_neighbors":["1224","1226","1228"]},"geometry":{"type":"Polygon","coordinates":[[[789.382155,120.25],[789.382155,131.75],[779.422863,137.5],[769.463571,131.75],[769.463571,120.25],[779.422863,114.5],[789.382155,120.25]]]}},{"type":"Feature","id":"1228","properties":{"geo_fips":"1228","census_geoid_119":"1228","geo_name":"Florida's 28th","state_abbr":"FL","state_fips":"12","cx":769.030559,"cy":108.0,"col2":74,"row":6,"hex_neighbors":["1226","1227"]},"geometry":{"type":"Polygon","coordinates":[[[778.989851,102.25],[778.989851,113.75],[769.030559,119.5],[759.071267,113.75],[759.071267,102.25],[769.030559,96.5],[778.989851,102.25]]]}},{"type":"Feature","id":"1301","properties":{"geo_fips":"1301","census_geoid_119":"1301","geo_name":"Georgia's 1st","state_abbr":"GA","state_fips":"13","cx":717.069034,"cy":234.0,"col2":69,"row":13,"hex_neighbors":["1207","1208","1304","1312","4501"]},"geometry":{"type":"Polygon","coordinates":[[[727.028326,228.25],[727.028326,239.75],[717.069034,245.5],[707.109742,239.75],[707.109742,228.25],[717.069034,222.5],[727.028326,228.25]]]}},{"type":"Feature","id":"1302","properties":{"geo_fips":"1302","census_geoid_119":"1302","geo_name":"Georgia's 2nd","state_abbr":"GA","state_fips":"13","cx":633.930596,"cy":234.0,"col2":61,"row":13,"hex_neighbors":["1203","1205","1211","1303","1310","1313"]},"geometry":{"type":"Polygon","coordinates":[[[643.889888,228.25],[643.889888,239.75],[633.930596,245.5],[623.971304,239.75],[623.971304,228.25],[633.930596,222.5],[643.889888,228.25]]]}},{"type":"Feature","id":"1303","properties":{"geo_fips":"1303","census_geoid_119":"1303","geo_name":"Georgia's 3rd","state_abbr":"GA","state_fips":"13","cx":623.538291,"cy":252.0,"col2":60,"row":14,"hex_neighbors":["0102","0103","1205","1302","1311","1313"]},"geometry":{"type":"Polygon","coordinates":[[[633.497583,246.25],[633.497583,257.75],[623.538291,263.5],[613.578999,257.75],[613.578999,246.25],[623.538291,240.5],[633.497583,246.25]]]}},{"type":"Feature","id":"1304","properties":{"geo_fips":"1304","census_geoid_119":"1304","geo_name":"Georgia's 4th","state_abbr":"GA","state_fips":"13","cx":706.676729,"cy":252.0,"col2":68,"row":14,"hex_neighbors":["1301","1306","1312","4501","4506","4507"]},"geometry":{"type":"Polygon","coordinates":[[[716.636021,246.25],[716.636021,257.75],[706.676729,263.5],[696.717437,257.75],[696.717437,246.25],[706.676729,240.5],[716.636021,246.25]]]}},{"type":"Feature","id":"1305","properties":{"geo_fips":"1305","census_geoid_119":"1305","geo_name":"Georgia's 5th","state_abbr":"GA","state_fips":"13","cx":665.10751,"cy":252.0,"col2":64,"row":14,"hex_neighbors":["1306","1307","1308","1310","1313","4502"]},"geometry":{"type":"Polygon","coordinates":[[[675.066802,246.25],[675.066802,257.75],[665.10751,263.5],[655.148218,257.75],[655.148218,246.25],[665.10751,240.5],[675.066802,246.25]]]}},{"type":"Feature","id":"1306","properties":{"geo_fips":"1306","census_geoid_119":"1306","geo_name":"Georgia's 6th","state_abbr":"GA","state_fips":"13","cx":685.89212,"cy":252.0,"col2":66,"row":14,"hex_neighbors":["1304","1305","1308","1312","4502","4506"]},"geometry":{"type":"Polygon","coordinates":[[[695.851412,246.25],[695.851412,257.75],[685.89212,263.5],[675.932828,257.75],[675.932828,246.25],[685.89212,240.5],[695.851412,246.25]]]}},{"type":"Feature","id":"1307","properties":{"geo_fips":"1307","census_geoid_119":"1307","geo_name":"Georgia's 7th","state_abbr":"GA","state_fips":"13","cx":654.715205,"cy":270.0,"col2":63,"row":15,"hex_neighbors":["1305","1309","1311","1313","4502","4503"]},"geometry":{"type":"Polygon","coordinates":[[[664.674497,264.25],[664.674497,275.75],[654.715205,281.5],[644.755913,275.75],[644.755913,264.25],[654.715205,258.5],[664.674497,264.25]]]}},{"type":"Feature","id":"1308","properties":{"geo_fips":"1308","census_geoid_119":"1308","geo_name":"Georgia's 8th","state_abbr":"GA","state_fips":"13","cx":675.499815,"cy":234.0,"col2":65,"row":13,"hex_neighbors":["1204","1206","1305","1306","1310","1312"]},"geometry":{"type":"Polygon","coordinates":[[[685.459107,228.25],[685.459107,239.75],[675.499815,245.5],[665.540523,239.75],[665.540523,228.25],[675.499815,222.5],[685.459107,228.25]]]}},{"type":"Feature","id":"1309","properties":{"geo_fips":"1309","census_geoid_119":"1309","geo_name":"Georgia's 9th","state_abbr":"GA","state_fips":"13","cx":644.3229,"cy":288.0,"col2":62,"row":16,"hex_neighbors":["1307","1311","1314","3710","3711","4503"]},"geometry":{"type":"Polygon","coordinates":[[[654.282192,282.25],[654.282192,293.75],[644.3229,299.5],[634.363608,293.75],[634.363608,282.25],[644.3229,276.5],[654.282192,282.25]]]}},{"type":"Feature","id":"1310","properties":{"geo_fips":"1310","census_geoid_119":"1310","geo_name":"Georgia's 10th","state_abbr":"GA","state_fips":"13","cx":654.715205,"cy":234.0,"col2":63,"row":13,"hex_neighbors":["1203","1204","1302","1305","1308","1313"]},"geometry":{"type":"Polygon","coordinates":[[[664.674497,228.25],[664.674497,239.75],[654.715205,245.5],[644.755913,239.75],[644.755913,228.25],[654.715205,222.5],[664.674497,228.25]]]}},{"type":"Feature","id":"1311","properties":{"geo_fips":"1311","census_geoid_119":"1311","geo_name":"Georgia's 11th","state_abbr":"GA","state_fips":"13","cx":633.930596,"cy":270.0,"col2":61,"row":15,"hex_neighbors":["0103","1303","1307","1309","1313","1314"]},"geometry":{"type":"Polygon","coordinates":[[[643.889888,264.25],[643.889888,275.75],[633.930596,281.5],[623.971304,275.75],[623.971304,264.25],[633.930596,258.5],[643.889888,264.25]]]}},{"type":"Feature","id":"1312","properties":{"geo_fips":"1312","census_geoid_119":"1312","geo_name":"Georgia's 12th","state_abbr":"GA","state_fips":"13","cx":696.284425,"cy":234.0,"col2":67,"row":13,"hex_neighbors":["1206","1207","1301","1304","1306","1308"]},"geometry":{"type":"Polygon","coordinates":[[[706.243717,228.25],[706.243717,239.75],[696.284425,245.5],[686.325133,239.75],[686.325133,228.25],[696.284425,222.5],[706.243717,228.25]]]}},{"type":"Feature","id":"1313","properties":{"geo_fips":"1313","census_geoid_119":"1313","geo_name":"Georgia's 13th","state_abbr":"GA","state_fips":"13","cx":644.3229,"cy":252.0,"col2":62,"row":14,"hex_neighbors":["1302","1303","1305","1307","1310","1311"]},"geometry":{"type":"Polygon","coordinates":[[[654.282192,246.25],[654.282192,257.75],[644.3229,263.5],[634.363608,257.75],[634.363608,246.25],[644.3229,240.5],[654.282192,246.25]]]}},{"type":"Feature","id":"1314","properties":{"geo_fips":"1314","census_geoid_119":"1314","geo_name":"Georgia's 14th","state_abbr":"GA","state_fips":"13","cx":623.538291,"cy":288.0,"col2":60,"row":16,"hex_neighbors":["0103","0105","1309","1311","3711","4703"]},"geometry":{"type":"Polygon","coordinates":[[[633.497583,282.25],[633.497583,293.75],[623.538291,299.5],[613.578999,293.75],[613.578999,282.25],[623.538291,276.5],[633.497583,282.25]]]}},{"type":"Feature","id":"1501","properties":{"geo_fips":"1501","census_geoid_119":"1501","geo_name":"Hawaii's 1st","state_abbr":"HI","state_fips":"15","cx":228.630707,"cy":180.0,"col2":22,"row":10,"hex_neighbors":["1502"]},"geometry":{"type":"Polygon","coordinates":[[[238.589999,174.25],[238.589999,185.75],[228.630707,191.5],[218.671415,185.75],[218.671415,174.25],[228.630707,168.5],[238.589999,174.25]]]}},{"type":"Feature","id":"1502","properties":{"geo_fips":"1502","census_geoid_119":"1502","geo_name":"Hawaii's 2nd","state_abbr":"HI","state_fips":"15","cx":239.023011,"cy":162.0,"col2":23,"row":9,"hex_neighbors":["1501"]},"geometry":{"type":"Polygon","coordinates":[[[248.982303,156.25],[248.982303,167.75],[239.023011,173.5],[229.063719,167.75],[229.063719,156.25],[239.023011,150.5],[248.982303,156.25]]]}},{"type":"Feature","id":"1601","properties":{"geo_fips":"1601","census_geoid_119":"1601","geo_name":"Idaho's 1st","state_abbr":"ID","state_fips":"16","cx":311.769145,"cy":468.0,"col2":30,"row":26,"hex_neighbors":["1602","4102","4103","4901","4903","5601"]},"geometry":{"type":"Polygon","coordinates":[[[321.728437,462.25],[321.728437,473.75],[311.769145,479.5],[301.809853,473.75],[301.809853,462.25],[311.769145,456.5],[321.728437,462.25]]]}},{"type":"Feature","id":"1602","properties":{"geo_fips":"1602","census_geoid_119":"1602","geo_name":"Idaho's 2nd","state_abbr":"ID","state_fips":"16","cx":290.984536,"cy":468.0,"col2":28,"row":26,"hex_neighbors":["1601","3202","3204","4103","4104","4901"]},"geometry":{"type":"Polygon","coordinates":[[[300.943828,462.25],[300.943828,473.75],[290.984536,479.5],[281.025244,473.75],[281.025244,462.25],[290.984536,456.5],[300.943828,462.25]]]}},{"type":"Feature","id":"1701","properties":{"geo_fips":"1701","census_geoid_119":"1701","geo_name":"Illinois's 1st","state_abbr":"IL","state_fips":"17","cx":446.869108,"cy":378.0,"col2":43,"row":21,"hex_neighbors":["1702","1704","1707","1715","1804","1808"]},"geometry":{"type":"Polygon","coordinates":[[[456.8284,372.25],[456.8284,383.75],[446.869108,389.5],[436.909816,383.75],[436.909816,372.25],[446.869108,366.5],[456.8284,372.25]]]}},{"type":"Feature","id":"1702","properties":{"geo_fips":"1702","census_geoid_119":"1702","geo_name":"Illinois's 2nd","state_abbr":"IL","state_fips":"17","cx":457.261413,"cy":360.0,"col2":44,"row":20,"hex_neighbors":["1701","1715","1807","1808","1809","2901"]},"geometry":{"type":"Polygon","coordinates":[[[467.220705,354.25],[467.220705,365.75],[457.261413,371.5],[447.302121,365.75],[447.302121,354.25],[457.261413,348.5],[467.220705,354.25]]]}},{"type":"Feature","id":"1703","properties":{"geo_fips":"1703","census_geoid_119":"1703","geo_name":"Illinois's 3rd","state_abbr":"IL","state_fips":"17","cx":405.299889,"cy":378.0,"col2":39,"row":21,"hex_neighbors":["1705","1706","1707","1711","1712","2904"]},"geometry":{"type":"Polygon","coordinates":[[[415.259181,372.25],[415.259181,383.75],[405.299889,389.5],[395.340597,383.75],[395.340597,372.25],[405.299889,366.5],[415.259181,372.25]]]}},{"type":"Feature","id":"1704","properties":{"geo_fips":"1704","census_geoid_119":"1704","geo_name":"Illinois's 4th","state_abbr":"IL","state_fips":"17","cx":436.476804,"cy":396.0,"col2":42,"row":22,"hex_neighbors":["1701","1706","1707","1710","1801","1804"]},"geometry":{"type":"Polygon","coordinates":[[[446.436096,390.25],[446.436096,401.75],[436.476804,407.5],[426.517512,401.75],[426.517512,390.25],[436.476804,384.5],[446.436096,390.25]]]}},{"type":"Feature","id":"1705","properties":{"geo_fips":"1705","census_geoid_119":"1705","geo_name":"Illinois's 5th","state_abbr":"IL","state_fips":"17","cx":394.907584,"cy":396.0,"col2":38,"row":22,"hex_neighbors":["1703","1706","1708","1711","1714","5505"]},"geometry":{"type":"Polygon","coordinates":[[[404.866876,390.25],[404.866876,401.75],[394.907584,407.5],[384.948292,401.75],[384.948292,390.25],[394.907584,384.5],[404.866876,390.25]]]}},{"type":"Feature","id":"1706","properties":{"geo_fips":"1706","census_geoid_119":"1706","geo_name":"Illinois's 6th","state_abbr":"IL","state_fips":"17","cx":415.692194,"cy":396.0,"col2":40,"row":22,"hex_neighbors":["1703","1704","1705","1707","1710","5505"]},"geometry":{"type":"Polygon","coordinates":[[[425.651486,390.25],[425.651486,401.75],[415.692194,407.5],[405.732902,401.75],[405.732902,390.25],[415.692194,384.5],[425.651486,390.25]]]}},{"type":"Feature","id":"1707","properties":{"geo_fips":"1707","census_geoid_119":"1707","geo_name":"Illinois's 7th","state_abbr":"IL","state_fips":"17","cx":426.084499,"cy":378.0,"col2":41,"row":21,"hex_neighbors":["1701","1703","1704","1706","1712","1715"]},"geometry":{"type":"Polygon","coordinates":[[[436.043791,372.25],[436.043791,383.75],[426.084499,389.5],[416.125207,383.75],[416.125207,372.25],[426.084499,366.5],[436.043791,372.25]]]}},{"type":"Feature","id":"1708","properties":{"geo_fips":"1708","census_geoid_119":"1708","geo_name":"Illinois's 8th","state_abbr":"IL","state_fips":"17","cx":374.122974,"cy":396.0,"col2":36,"row":22,"hex_neighbors":["1705","1711","1714","1902","2906","3102"]},"geometry":{"type":"Polygon","coordinates":[[[384.082266,390.25],[384.082266,401.75],[374.122974,407.5],[364.163682,401.75],[364.163682,390.25],[374.122974,384.5],[384.082266,390.25]]]}},{"type":"Feature","id":"1709","properties":{"geo_fips":"1709","census_geoid_119":"1709","geo_name":"Illinois's 9th","state_abbr":"IL","state_fips":"17","cx":374.122974,"cy":432.0,"col2":36,"row":24,"hex_neighbors":["1713","1714","1716","1717","1902","1903"]},"geometry":{"type":"Polygon","coordinates":[[[384.082266,426.25],[384.082266,437.75],[374.122974,443.5],[364.163682,437.75],[364.163682,426.25],[374.122974,420.5],[384.082266,426.25]]]}},{"type":"Feature","id":"1710","properties":{"geo_fips":"1710","census_geoid_119":"1710","geo_name":"Illinois's 10th","state_abbr":"IL","state_fips":"17","cx":426.084499,"cy":414.0,"col2":41,"row":23,"hex_neighbors":["1704","1706","1801","5504","5505","5506"]},"geometry":{"type":"Polygon","coordinates":[[[436.043791,408.25],[436.043791,419.75],[426.084499,425.5],[416.125207,419.75],[416.125207,408.25],[426.084499,402.5],[436.043791,408.25]]]}},{"type":"Feature","id":"1711","properties":{"geo_fips":"1711","census_geoid_119":"1711","geo_name":"Illinois's 11th","state_abbr":"IL","state_fips":"17","cx":384.515279,"cy":378.0,"col2":37,"row":21,"hex_neighbors":["1703","1705","1708","2904","2905","2906"]},"geometry":{"type":"Polygon","coordinates":[[[394.474571,372.25],[394.474571,383.75],[384.515279,389.5],[374.555987,383.75],[374.555987,372.25],[384.515279,366.5],[394.474571,372.25]]]}},{"type":"Feature","id":"1712","properties":{"geo_fips":"1712","census_geoid_119":"1712","geo_name":"Illinois's 12th","state_abbr":"IL","state_fips":"17","cx":415.692194,"cy":360.0,"col2":40,"row":20,"hex_neighbors":["1703","1707","1715","2902","2903","2904"]},"geometry":{"type":"Polygon","coordinates":[[[425.651486,354.25],[425.651486,365.75],[415.692194,371.5],[405.732902,365.75],[405.732902,354.25],[415.692194,348.5],[425.651486,354.25]]]}},{"type":"Feature","id":"1713","properties":{"geo_fips":"1713","census_geoid_119":"1713","geo_name":"Illinois's 13th","state_abbr":"IL","state_fips":"17","cx":394.907584,"cy":432.0,"col2":38,"row":24,"hex_neighbors":["1709","1714","1716","5502","5505","5506"]},"geometry":{"type":"Polygon","coordinates":[[[404.866876,426.25],[404.866876,437.75],[394.907584,443.5],[384.948292,437.75],[384.948292,426.25],[394.907584,420.5],[404.866876,426.25]]]}},{"type":"Feature","id":"1714","properties":{"geo_fips":"1714","census_geoid_119":"1714","geo_name":"Illinois's 14th","state_abbr":"IL","state_fips":"17","cx":384.515279,"cy":414.0,"col2":37,"row":23,"hex_neighbors":["1705","1708","1709","1713","1902","5505"]},"geometry":{"type":"Polygon","coordinates":[[[394.474571,408.25],[394.474571,419.75],[384.515279,425.5],[374.555987,419.75],[374.555987,408.25],[384.515279,402.5],[394.474571,408.25]]]}},{"type":"Feature","id":"1715","properties":{"geo_fips":"1715","census_geoid_119":"1715","geo_name":"Illinois's 15th","state_abbr":"IL","state_fips":"17","cx":436.476804,"cy":360.0,"col2":42,"row":20,"hex_neighbors":["1701","1702","1707","1712","2901","2902"]},"geometry":{"type":"Polygon","coordinates":[[[446.436096,354.25],[446.436096,365.75],[436.476804,371.5],[426.517512,365.75],[426.517512,354.25],[436.476804,348.5],[446.436096,354.25]]]}},{"type":"Feature","id":"1716","properties":{"geo_fips":"1716","census_geoid_119":"1716","geo_name":"Illinois's 16th","state_abbr":"IL","state_fips":"17","cx":384.515279,"cy":450.0,"col2":37,"row":25,"hex_neighbors":["1709","1713","1717","2701","2702","5502"]},"geometry":{"type":"Polygon","coordinates":[[[394.474571,444.25],[394.474571,455.75],[384.515279,461.5],[374.555987,455.75],[374.555987,444.25],[384.515279,438.5],[394.474571,444.25]]]}},{"type":"Feature","id":"1717","properties":{"geo_fips":"1717","census_geoid_119":"1717","geo_name":"Illinois's 17th","state_abbr":"IL","state_fips":"17","cx":363.73067,"cy":450.0,"col2":35,"row":25,"hex_neighbors":["1709","1716","1901","1903","1904","2701"]},"geometry":{"type":"Polygon","coordinates":[[[373.689962,444.25],[373.689962,455.75],[363.73067,461.5],[353.771378,455.75],[353.771378,444.25],[363.73067,438.5],[373.689962,444.25]]]}},{"type":"Feature","id":"1801","properties":{"geo_fips":"1801","census_geoid_119":"1801","geo_name":"Indiana's 1st","state_abbr":"IN","state_fips":"18","cx":446.869108,"cy":414.0,"col2":43,"row":23,"hex_neighbors":["1704","1710","1802","1804","5501","5504"]},"geometry":{"type":"Polygon","coordinates":[[[456.8284,408.25],[456.8284,419.75],[446.869108,425.5],[436.909816,419.75],[436.909816,408.25],[446.869108,402.5],[456.8284,408.25]]]}},{"type":"Feature","id":"1802","properties":{"geo_fips":"1802","census_geoid_119":"1802","geo_name":"Indiana's 2nd","state_abbr":"IN","state_fips":"18","cx":467.653718,"cy":414.0,"col2":45,"row":23,"hex_neighbors":["1801","1803","1804","2606","3905","5501"]},"geometry":{"type":"Polygon","coordinates":[[[477.61301,408.25],[477.61301,419.75],[467.653718,425.5],[457.694426,419.75],[457.694426,408.25],[467.653718,402.5],[477.61301,408.25]]]}},{"type":"Feature","id":"1803","properties":{"geo_fips":"1803","census_geoid_119":"1803","geo_name":"Indiana's 3rd","state_abbr":"IN","state_fips":"18","cx":478.046023,"cy":396.0,"col2":46,"row":22,"hex_neighbors":["1802","1804","1805","1808","3905","3908"]},"geometry":{"type":"Polygon","coordinates":[[[488.005315,390.25],[488.005315,401.75],[478.046023,407.5],[468.086731,401.75],[468.086731,390.25],[478.046023,384.5],[488.005315,390.25]]]}},{"type":"Feature","id":"1804","properties":{"geo_fips":"1804","census_geoid_119":"1804","geo_name":"Indiana's 4th","state_abbr":"IN","state_fips":"18","cx":457.261413,"cy":396.0,"col2":44,"row":22,"hex_neighbors":["1701","1704","1801","1802","1803","1808"]},"geometry":{"type":"Polygon","coordinates":[[[467.220705,390.25],[467.220705,401.75],[457.261413,407.5],[447.302121,401.75],[447.302121,390.25],[457.261413,384.5],[467.220705,390.25]]]}},{"type":"Feature","id":"1805","properties":{"geo_fips":"1805","census_geoid_119":"1805","geo_name":"Indiana's 5th","state_abbr":"IN","state_fips":"18","cx":488.438328,"cy":378.0,"col2":47,"row":21,"hex_neighbors":["1803","1807","1808","3901","3902","3908"]},"geometry":{"type":"Polygon","coordinates":[[[498.39762,372.25],[498.39762,383.75],[488.438328,389.5],[478.479036,383.75],[478.479036,372.25],[488.438328,366.5],[498.39762,372.25]]]}},{"type":"Feature","id":"1806","properties":{"geo_fips":"1806","census_geoid_119":"1806","geo_name":"Indiana's 6th","state_abbr":"IN","state_fips":"18","cx":488.438328,"cy":342.0,"col2":47,"row":19,"hex_neighbors":["1807","1809","2101","2102","2103","3902"]},"geometry":{"type":"Polygon","coordinates":[[[498.39762,336.25],[498.39762,347.75],[488.438328,353.5],[478.479036,347.75],[478.479036,336.25],[488.438328,330.5],[498.39762,336.25]]]}},{"type":"Feature","id":"1807","properties":{"geo_fips":"1807","census_geoid_119":"1807","geo_name":"Indiana's 7th","state_abbr":"IN","state_fips":"18","cx":478.046023,"cy":360.0,"col2":46,"row":20,"hex_neighbors":["1702","1805","1806","1808","1809","3902"]},"geometry":{"type":"Polygon","coordinates":[[[488.005315,354.25],[488.005315,365.75],[478.046023,371.5],[468.086731,365.75],[468.086731,354.25],[478.046023,348.5],[488.005315,354.25]]]}},{"type":"Feature","id":"1808","properties":{"geo_fips":"1808","census_geoid_119":"1808","geo_name":"Indiana's 8th","state_abbr":"IN","state_fips":"18","cx":467.653718,"cy":378.0,"col2":45,"row":21,"hex_neighbors":["1701","1702","1803","1804","1805","1807"]},"geometry":{"type":"Polygon","coordinates":[[[477.61301,372.25],[477.61301,383.75],[467.653718,389.5],[457.694426,383.75],[457.694426,372.25],[467.653718,366.5],[477.61301,372.25]]]}},{"type":"Feature","id":"1809","properties":{"geo_fips":"1809","census_geoid_119":"1809","geo_name":"Indiana's 9th","state_abbr":"IN","state_fips":"18","cx":467.653718,"cy":342.0,"col2":45,"row":19,"hex_neighbors":["1702","1806","1807","2101","2901","2908"]},"geometry":{"type":"Polygon","coordinates":[[[477.61301,336.25],[477.61301,347.75],[467.653718,353.5],[457.694426,347.75],[457.694426,336.25],[467.653718,330.5],[477.61301,336.25]]]}},{"type":"Feature","id":"1901","properties":{"geo_fips":"1901","census_geoid_119":"1901","geo_name":"Iowa's 1st","state_abbr":"IA","state_fips":"19","cx":353.338365,"cy":468.0,"col2":34,"row":26,"hex_neighbors":["1717","1904","2701","3002","4601","5601"]},"geometry":{"type":"Polygon","coordinates":[[[363.297657,462.25],[363.297657,473.75],[353.338365,479.5],[343.379073,473.75],[343.379073,462.25],[353.338365,456.5],[363.297657,462.25]]]}},{"type":"Feature","id":"1902","properties":{"geo_fips":"1902","census_geoid_119":"1902","geo_name":"Iowa's 2nd","state_abbr":"IA","state_fips":"19","cx":363.73067,"cy":414.0,"col2":35,"row":23,"hex_neighbors":["1708","1709","1714","1903","3101","3102"]},"geometry":{"type":"Polygon","coordinates":[[[373.689962,408.25],[373.689962,419.75],[363.73067,425.5],[353.771378,419.75],[353.771378,408.25],[363.73067,402.5],[373.689962,408.25]]]}},{"type":"Feature","id":"1903","properties":{"geo_fips":"1903","census_geoid_119":"1903","geo_name":"Iowa's 3rd","state_abbr":"IA","state_fips":"19","cx":353.338365,"cy":432.0,"col2":34,"row":24,"hex_neighbors":["1709","1717","1902","1904","3101","3103"]},"geometry":{"type":"Polygon","coordinates":[[[363.297657,426.25],[363.297657,437.75],[353.338365,443.5],[343.379073,437.75],[343.379073,426.25],[353.338365,420.5],[363.297657,426.25]]]}},{"type":"Feature","id":"1904","properties":{"geo_fips":"1904","census_geoid_119":"1904","geo_name":"Iowa's 4th","state_abbr":"IA","state_fips":"19","cx":342.94606,"cy":450.0,"col2":33,"row":25,"hex_neighbors":["1717","1901","1903","3103","4903","5601"]},"geometry":{"type":"Polygon","coordinates":[[[352.905352,444.25],[352.905352,455.75],[342.94606,461.5],[332.986768,455.75],[332.986768,444.25],[342.94606,438.5],[352.905352,444.25]]]}},{"type":"Feature","id":"2001","properties":{"geo_fips":"2001","census_geoid_119":"2001","geo_name":"Kansas's 1st","state_abbr":"KS","state_fips":"20","cx":332.553755,"cy":396.0,"col2":32,"row":22,"hex_neighbors":["0802","0803","0808","2004","3101","3102"]},"geometry":{"type":"Polygon","coordinates":[[[342.513047,390.25],[342.513047,401.75],[332.553755,407.5],[322.594463,401.75],[322.594463,390.25],[332.553755,384.5],[342.513047,390.25]]]}},{"type":"Feature","id":"2002","properties":{"geo_fips":"2002","census_geoid_119":"2002","geo_name":"Kansas's 2nd","state_abbr":"KS","state_fips":"20","cx":363.73067,"cy":342.0,"col2":35,"row":19,"hex_neighbors":["0801","0806","2003","2905","2907","4003"]},"geometry":{"type":"Polygon","coordinates":[[[373.689962,336.25],[373.689962,347.75],[363.73067,353.5],[353.771378,347.75],[353.771378,336.25],[363.73067,330.5],[373.689962,336.25]]]}},{"type":"Feature","id":"2003","properties":{"geo_fips":"2003","census_geoid_119":"2003","geo_name":"Kansas's 3rd","state_abbr":"KS","state_fips":"20","cx":353.338365,"cy":360.0,"col2":34,"row":20,"hex_neighbors":["0801","0807","2002","2004","2905","2906"]},"geometry":{"type":"Polygon","coordinates":[[[363.297657,354.25],[363.297657,365.75],[353.338365,371.5],[343.379073,365.75],[343.379073,354.25],[353.338365,348.5],[363.297657,354.25]]]}},{"type":"Feature","id":"2004","properties":{"geo_fips":"2004","census_geoid_119":"2004","geo_name":"Kansas's 4th","state_abbr":"KS","state_fips":"20","cx":342.94606,"cy":378.0,"col2":33,"row":21,"hex_neighbors":["0807","0808","2001","2003","2906","3102"]},"geometry":{"type":"Polygon","coordinates":[[[352.905352,372.25],[352.905352,383.75],[342.94606,389.5],[332.986768,383.75],[332.986768,372.25],[342.94606,366.5],[352.905352,372.25]]]}},{"type":"Feature","id":"2101","properties":{"geo_fips":"2101","census_geoid_119":"2101","geo_name":"Kentucky's 1st","state_abbr":"KY","state_fips":"21","cx":478.046023,"cy":324.0,"col2":46,"row":18,"hex_neighbors":["0502","0504","1806","1809","2102","2908"]},"geometry":{"type":"Polygon","coordinates":[[[488.005315,318.25],[488.005315,329.75],[478.046023,335.5],[468.086731,329.75],[468.086731,318.25],[478.046023,312.5],[488.005315,318.25]]]}},{"type":"Feature","id":"2102","properties":{"geo_fips":"2102","census_geoid_119":"2102","geo_name":"Kentucky's 2nd","state_abbr":"KY","state_fips":"21","cx":498.830633,"cy":324.0,"col2":48,"row":18,"hex_neighbors":["0501","0502","1806","2101","2103","2106"]},"geometry":{"type":"Polygon","coordinates":[[[508.789925,318.25],[508.789925,329.75],[498.830633,335.5],[488.871341,329.75],[488.871341,318.25],[498.830633,312.5],[508.789925,318.25]]]}},{"type":"Feature","id":"2103","properties":{"geo_fips":"2103","census_geoid_119":"2103","geo_name":"Kentucky's 3rd","state_abbr":"KY","state_fips":"21","cx":509.222937,"cy":342.0,"col2":49,"row":19,"hex_neighbors":["1806","2102","2104","2106","3902","3915"]},"geometry":{"type":"Polygon","coordinates":[[[519.182229,336.25],[519.182229,347.75],[509.222937,353.5],[499.263645,347.75],[499.263645,336.25],[509.222937,330.5],[519.182229,336.25]]]}},{"type":"Feature","id":"2104","properties":{"geo_fips":"2104","census_geoid_119":"2104","geo_name":"Kentucky's 4th","state_abbr":"KY","state_fips":"21","cx":530.007547,"cy":342.0,"col2":51,"row":19,"hex_neighbors":["2103","2105","2106","3906","3915","5109"]},"geometry":{"type":"Polygon","coordinates":[[[539.966839,336.25],[539.966839,347.75],[530.007547,353.5],[520.048255,347.75],[520.048255,336.25],[530.007547,330.5],[539.966839,336.25]]]}},{"type":"Feature","id":"2105","properties":{"geo_fips":"2105","census_geoid_119":"2105","geo_name":"Kentucky's 5th","state_abbr":"KY","state_fips":"21","cx":540.399852,"cy":324.0,"col2":52,"row":18,"hex_neighbors":["2104","2106","4708","4709","5105","5109"]},"geometry":{"type":"Polygon","coordinates":[[[550.359144,318.25],[550.359144,329.75],[540.399852,335.5],[530.44056,329.75],[530.44056,318.25],[540.399852,312.5],[550.359144,318.25]]]}},{"type":"Feature","id":"2106","properties":{"geo_fips":"2106","census_geoid_119":"2106","geo_name":"Kentucky's 6th","state_abbr":"KY","state_fips":"21","cx":519.615242,"cy":324.0,"col2":50,"row":18,"hex_neighbors":["0501","2102","2103","2104","2105","4709"]},"geometry":{"type":"Polygon","coordinates":[[[529.574534,318.25],[529.574534,329.75],[519.615242,335.5],[509.65595,329.75],[509.65595,318.25],[519.615242,312.5],[529.574534,318.25]]]}},{"type":"Feature","id":"2201","properties":{"geo_fips":"2201","census_geoid_119":"2201","geo_name":"Louisiana's 1st","state_abbr":"LA","state_fips":"22","cx":550.792157,"cy":234.0,"col2":53,"row":13,"hex_neighbors":["2202","2206","2804"]},"geometry":{"type":"Polygon","coordinates":[[[560.751449,228.25],[560.751449,239.75],[550.792157,245.5],[540.832865,239.75],[540.832865,228.25],[550.792157,222.5],[560.751449,228.25]]]}},{"type":"Feature","id":"2202","properties":{"geo_fips":"2202","census_geoid_119":"2202","geo_name":"Louisiana's 2nd","state_abbr":"LA","state_fips":"22","cx":530.007547,"cy":234.0,"col2":51,"row":13,"hex_neighbors":["2201","2203","2206","4816","4829"]},"geometry":{"type":"Polygon","coordinates":[[[539.966839,228.25],[539.966839,239.75],[530.007547,245.5],[520.048255,239.75],[520.048255,228.25],[530.007547,222.5],[539.966839,228.25]]]}},{"type":"Feature","id":"2203","properties":{"geo_fips":"2203","census_geoid_119":"2203","geo_name":"Louisiana's 3rd","state_abbr":"LA","state_fips":"22","cx":519.615242,"cy":252.0,"col2":50,"row":14,"hex_neighbors":["2202","2205","2206","4801","4816","4836"]},"geometry":{"type":"Polygon","coordinates":[[[529.574534,246.25],[529.574534,257.75],[519.615242,263.5],[509.65595,257.75],[509.65595,246.25],[519.615242,240.5],[529.574534,246.25]]]}},{"type":"Feature","id":"2204","properties":{"geo_fips":"2204","census_geoid_119":"2204","geo_name":"Louisiana's 4th","state_abbr":"LA","state_fips":"22","cx":519.615242,"cy":288.0,"col2":50,"row":16,"hex_neighbors":["0501","2205","2802","4709","4801","4804"]},"geometry":{"type":"Polygon","coordinates":[[[529.574534,282.25],[529.574534,293.75],[519.615242,299.5],[509.65595,293.75],[509.65595,282.25],[519.615242,276.5],[529.574534,282.25]]]}},{"type":"Feature","id":"2205","properties":{"geo_fips":"2205","census_geoid_119":"2205","geo_name":"Louisiana's 5th","state_abbr":"LA","state_fips":"22","cx":530.007547,"cy":270.0,"col2":51,"row":15,"hex_neighbors":["2203","2204","2206","2802","2803","4801"]},"geometry":{"type":"Polygon","coordinates":[[[539.966839,264.25],[539.966839,275.75],[530.007547,281.5],[520.048255,275.75],[520.048255,264.25],[530.007547,258.5],[539.966839,264.25]]]}},{"type":"Feature","id":"2206","properties":{"geo_fips":"2206","census_geoid_119":"2206","geo_name":"Louisiana's 6th","state_abbr":"LA","state_fips":"22","cx":540.399852,"cy":252.0,"col2":52,"row":14,"hex_neighbors":["2201","2202","2203","2205","2803","2804"]},"geometry":{"type":"Polygon","coordinates":[[[550.359144,246.25],[550.359144,257.75],[540.399852,263.5],[530.44056,257.75],[530.44056,246.25],[540.399852,240.5],[550.359144,246.25]]]}},{"type":"Feature","id":"2301","properties":{"geo_fips":"2301","census_geoid_119":"2301","geo_name":"Maine's 1st","state_abbr":"ME","state_fips":"23","cx":800.207473,"cy":558.0,"col2":77,"row":31,"hex_neighbors":["2302","2506"]},"geometry":{"type":"Polygon","coordinates":[[[810.166765,552.25],[810.166765,563.75],[800.207473,569.5],[790.248181,563.75],[790.248181,552.25],[800.207473,546.5],[810.166765,552.25]]]}},{"type":"Feature","id":"2302","properties":{"geo_fips":"2302","census_geoid_119":"2302","geo_name":"Maine's 2nd","state_abbr":"ME","state_fips":"23","cx":810.599778,"cy":540.0,"col2":78,"row":30,"hex_neighbors":["2301","2502","2503","2506"]},"geometry":{"type":"Polygon","coordinates":[[[820.55907,534.25],[820.55907,545.75],[810.599778,551.5],[800.640486,545.75],[800.640486,534.25],[810.599778,528.5],[820.55907,534.25]]]}},{"type":"Feature","id":"2401","properties":{"geo_fips":"2401","census_geoid_119":"2401","geo_name":"Maryland's 1st","state_abbr":"MD","state_fips":"24","cx":696.284425,"cy":378.0,"col2":67,"row":21,"hex_neighbors":["1001","2402","2404","2406","3402","3403"]},"geometry":{"type":"Polygon","coordinates":[[[706.243717,372.25],[706.243717,383.75],[696.284425,389.5],[686.325133,383.75],[686.325133,372.25],[696.284425,366.5],[706.243717,372.25]]]}},{"type":"Feature","id":"2402","properties":{"geo_fips":"2402","census_geoid_119":"2402","geo_name":"Maryland's 2nd","state_abbr":"MD","state_fips":"24","cx":685.89212,"cy":360.0,"col2":66,"row":20,"hex_neighbors":["2401","2403","2404","2406","5101","5104"]},"geometry":{"type":"Polygon","coordinates":[[[695.851412,354.25],[695.851412,365.75],[685.89212,371.5],[675.932828,365.75],[675.932828,354.25],[685.89212,348.5],[695.851412,354.25]]]}},{"type":"Feature","id":"2403","properties":{"geo_fips":"2403","census_geoid_119":"2403","geo_name":"Maryland's 3rd","state_abbr":"MD","state_fips":"24","cx":665.10751,"cy":360.0,"col2":64,"row":20,"hex_neighbors":["2402","2406","2407","4203","5101","5108"]},"geometry":{"type":"Polygon","coordinates":[[[675.066802,354.25],[675.066802,365.75],[665.10751,371.5],[655.148218,365.75],[655.148218,354.25],[665.10751,348.5],[675.066802,354.25]]]}},{"type":"Feature","id":"2404","properties":{"geo_fips":"2404","census_geoid_119":"2404","geo_name":"Maryland's 4th","state_abbr":"MD","state_fips":"24","cx":706.676729,"cy":360.0,"col2":68,"row":20,"hex_neighbors":["1001","2401","2402","2405","5103","5104"]},"geometry":{"type":"Polygon","coordinates":[[[716.636021,354.25],[716.636021,365.75],[706.676729,371.5],[696.717437,365.75],[696.717437,354.25],[706.676729,348.5],[716.636021,354.25]]]}},{"type":"Feature","id":"2405","properties":{"geo_fips":"2405","census_geoid_119":"2405","geo_name":"Maryland's 5th","state_abbr":"MD","state_fips":"24","cx":727.461339,"cy":360.0,"col2":70,"row":20,"hex_neighbors":["1001","2404","5102","5103"]},"geometry":{"type":"Polygon","coordinates":[[[737.420631,354.25],[737.420631,365.75],[727.461339,371.5],[717.502047,365.75],[717.502047,354.25],[727.461339,348.5],[737.420631,354.25]]]}},{"type":"Feature","id":"2406","properties":{"geo_fips":"2406","census_geoid_119":"2406","geo_name":"Maryland's 6th","state_abbr":"MD","state_fips":"24","cx":675.499815,"cy":378.0,"col2":65,"row":21,"hex_neighbors":["2401","2402","2403","3401","3402","4203"]},"geometry":{"type":"Polygon","coordinates":[[[685.459107,372.25],[685.459107,383.75],[675.499815,389.5],[665.540523,383.75],[665.540523,372.25],[675.499815,366.5],[685.459107,372.25]]]}},{"type":"Feature","id":"2407","properties":{"geo_fips":"2407","census_geoid_119":"2407","geo_name":"Maryland's 7th","state_abbr":"MD","state_fips":"24","cx":644.3229,"cy":360.0,"col2":62,"row":20,"hex_neighbors":["2403","2408","4203","4205","5108","5111"]},"geometry":{"type":"Polygon","coordinates":[[[654.282192,354.25],[654.282192,365.75],[644.3229,371.5],[634.363608,365.75],[634.363608,354.25],[644.3229,348.5],[654.282192,354.25]]]}},{"type":"Feature","id":"2408","properties":{"geo_fips":"2408","census_geoid_119":"2408","geo_name":"Maryland's 8th","state_abbr":"MD","state_fips":"24","cx":623.538291,"cy":360.0,"col2":60,"row":20,"hex_neighbors":["2407","4205","4206","4211","5107","5111"]},"geometry":{"type":"Polygon","coordinates":[[[633.497583,354.25],[633.497583,365.75],[623.538291,371.5],[613.578999,365.75],[613.578999,354.25],[623.538291,348.5],[633.497583,354.25]]]}},{"type":"Feature","id":"2501","properties":{"geo_fips":"2501","census_geoid_119":"2501","geo_name":"Massachusetts's 1st","state_abbr":"MA","state_fips":"25","cx":779.422863,"cy":522.0,"col2":75,"row":29,"hex_neighbors":["2502","2506","3301","3302"]},"geometry":{"type":"Polygon","coordinates":[[[789.382155,516.25],[789.382155,527.75],[779.422863,533.5],[769.463571,527.75],[769.463571,516.25],[779.422863,510.5],[789.382155,516.25]]]}},{"type":"Feature","id":"2502","properties":{"geo_fips":"2502","census_geoid_119":"2502","geo_name":"Massachusetts's 2nd","state_abbr":"MA","state_fips":"25","cx":800.207473,"cy":522.0,"col2":77,"row":29,"hex_neighbors":["2302","2501","2503","2506","2508","3301"]},"geometry":{"type":"Polygon","coordinates":[[[810.166765,516.25],[810.166765,527.75],[800.207473,533.5],[790.248181,527.75],[790.248181,516.25],[800.207473,510.5],[810.166765,516.25]]]}},{"type":"Feature","id":"2503","properties":{"geo_fips":"2503","census_geoid_119":"2503","geo_name":"Massachusetts's 3rd","state_abbr":"MA","state_fips":"25","cx":820.992083,"cy":522.0,"col2":79,"row":29,"hex_neighbors":["2302","2502","2505","2507","2508"]},"geometry":{"type":"Polygon","coordinates":[[[830.951375,516.25],[830.951375,527.75],[820.992083,533.5],[811.032791,527.75],[811.032791,516.25],[820.992083,510.5],[830.951375,516.25]]]}},{"type":"Feature","id":"2504","properties":{"geo_fips":"2504","census_geoid_119":"2504","geo_name":"Massachusetts's 4th","state_abbr":"MA","state_fips":"25","cx":779.422863,"cy":486.0,"col2":75,"row":27,"hex_neighbors":["0901","0902","2509","3301","3302","4401"]},"geometry":{"type":"Polygon","coordinates":[[[789.382155,480.25],[789.382155,491.75],[779.422863,497.5],[769.463571,491.75],[769.463571,480.25],[779.422863,474.5],[789.382155,480.25]]]}},{"type":"Feature","id":"2505","properties":{"geo_fips":"2505","census_geoid_119":"2505","geo_name":"Massachusetts's 5th","state_abbr":"MA","state_fips":"25","cx":841.776692,"cy":522.0,"col2":81,"row":29,"hex_neighbors":["2503","2507"]},"geometry":{"type":"Polygon","coordinates":[[[851.735984,516.25],[851.735984,527.75],[841.776692,533.5],[831.8174,527.75],[831.8174,516.25],[841.776692,510.5],[851.735984,516.25]]]}},{"type":"Feature","id":"2506","properties":{"geo_fips":"2506","census_geoid_119":"2506","geo_name":"Massachusetts's 6th","state_abbr":"MA","state_fips":"25","cx":789.815168,"cy":540.0,"col2":76,"row":30,"hex_neighbors":["2301","2302","2501","2502"]},"geometry":{"type":"Polygon","coordinates":[[[799.77446,534.25],[799.77446,545.75],[789.815168,551.5],[779.855876,545.75],[779.855876,534.25],[789.815168,528.5],[799.77446,534.25]]]}},{"type":"Feature","id":"2507","properties":{"geo_fips":"2507","census_geoid_119":"2507","geo_name":"Massachusetts's 7th","state_abbr":"MA","state_fips":"25","cx":831.384388,"cy":504.0,"col2":80,"row":28,"hex_neighbors":["2503","2505","2508"]},"geometry":{"type":"Polygon","coordinates":[[[841.34368,498.25],[841.34368,509.75],[831.384388,515.5],[821.425096,509.75],[821.425096,498.25],[831.384388,492.5],[841.34368,498.25]]]}},{"type":"Feature","id":"2508","properties":{"geo_fips":"2508","census_geoid_119":"2508","geo_name":"Massachusetts's 8th","state_abbr":"MA","state_fips":"25","cx":810.599778,"cy":504.0,"col2":78,"row":28,"hex_neighbors":["2502","2503","2507","2509","3301"]},"geometry":{"type":"Polygon","coordinates":[[[820.55907,498.25],[820.55907,509.75],[810.599778,515.5],[800.640486,509.75],[800.640486,498.25],[810.599778,492.5],[820.55907,498.25]]]}},{"type":"Feature","id":"2509","properties":{"geo_fips":"2509","census_geoid_119":"2509","geo_name":"Massachusetts's 9th","state_abbr":"MA","state_fips":"25","cx":800.207473,"cy":486.0,"col2":77,"row":27,"hex_neighbors":["2504","2508","3301","4401"]},"geometry":{"type":"Polygon","coordinates":[[[810.166765,480.25],[810.166765,491.75],[800.207473,497.5],[790.248181,491.75],[790.248181,480.25],[800.207473,474.5],[810.166765,480.25]]]}},{"type":"Feature","id":"2601","properties":{"geo_fips":"2601","census_geoid_119":"2601","geo_name":"Michigan's 1st","state_abbr":"MI","state_fips":"26","cx":436.476804,"cy":504.0,"col2":42,"row":28,"hex_neighbors":["2602","2603","2704"]},"geometry":{"type":"Polygon","coordinates":[[[446.436096,498.25],[446.436096,509.75],[436.476804,515.5],[426.517512,509.75],[426.517512,498.25],[436.476804,492.5],[446.436096,498.25]]]}},{"type":"Feature","id":"2602","properties":{"geo_fips":"2602","census_geoid_119":"2602","geo_name":"Michigan's 2nd","state_abbr":"MI","state_fips":"26","cx":457.261413,"cy":504.0,"col2":44,"row":28,"hex_neighbors":["2601","2603"]},"geometry":{"type":"Polygon","coordinates":[[[467.220705,498.25],[467.220705,509.75],[457.261413,515.5],[447.302121,509.75],[447.302121,498.25],[457.261413,492.5],[467.220705,498.25]]]}},{"type":"Feature","id":"2603","properties":{"geo_fips":"2603","census_geoid_119":"2603","geo_name":"Michigan's 3rd","state_abbr":"MI","state_fips":"26","cx":446.869108,"cy":486.0,"col2":43,"row":27,"hex_neighbors":["2601","2602","2704","5507"]},"geometry":{"type":"Polygon","coordinates":[[[456.8284,480.25],[456.8284,491.75],[446.869108,497.5],[436.909816,491.75],[436.909816,480.25],[446.869108,474.5],[456.8284,480.25]]]}},{"type":"Feature","id":"2604","properties":{"geo_fips":"2604","census_geoid_119":"2604","geo_name":"Michigan's 4th","state_abbr":"MI","state_fips":"26","cx":519.615242,"cy":504.0,"col2":50,"row":28,"hex_neighbors":["2605","2610"]},"geometry":{"type":"Polygon","coordinates":[[[529.574534,498.25],[529.574534,509.75],[519.615242,515.5],[509.65595,509.75],[509.65595,498.25],[519.615242,492.5],[529.574534,498.25]]]}},{"type":"Feature","id":"2605","properties":{"geo_fips":"2605","census_geoid_119":"2605","geo_name":"Michigan's 5th","state_abbr":"MI","state_fips":"26","cx":509.222937,"cy":486.0,"col2":49,"row":27,"hex_neighbors":["2604","2608","2610","2611"]},"geometry":{"type":"Polygon","coordinates":[[[519.182229,480.25],[519.182229,491.75],[509.222937,497.5],[499.263645,491.75],[499.263645,480.25],[509.222937,474.5],[519.182229,480.25]]]}},{"type":"Feature","id":"2606","properties":{"geo_fips":"2606","census_geoid_119":"2606","geo_name":"Michigan's 6th","state_abbr":"MI","state_fips":"26","cx":478.046023,"cy":432.0,"col2":46,"row":24,"hex_neighbors":["1802","2607","2612","3905","5501"]},"geometry":{"type":"Polygon","coordinates":[[[488.005315,426.25],[488.005315,437.75],[478.046023,443.5],[468.086731,437.75],[468.086731,426.25],[478.046023,420.5],[488.005315,426.25]]]}},{"type":"Feature","id":"2607","properties":{"geo_fips":"2607","census_geoid_119":"2607","geo_name":"Michigan's 7th","state_abbr":"MI","state_fips":"26","cx":498.830633,"cy":432.0,"col2":48,"row":24,"hex_neighbors":["2606","2612","2613","3905","3907","3909"]},"geometry":{"type":"Polygon","coordinates":[[[508.789925,426.25],[508.789925,437.75],[498.830633,443.5],[488.871341,437.75],[488.871341,426.25],[498.830633,420.5],[508.789925,426.25]]]}},{"type":"Feature","id":"2608","properties":{"geo_fips":"2608","census_geoid_119":"2608","geo_name":"Michigan's 8th","state_abbr":"MI","state_fips":"26","cx":498.830633,"cy":468.0,"col2":48,"row":26,"hex_neighbors":["2605","2611","2612","2613"]},"geometry":{"type":"Polygon","coordinates":[[[508.789925,462.25],[508.789925,473.75],[498.830633,479.5],[488.871341,473.75],[488.871341,462.25],[498.830633,456.5],[508.789925,462.25]]]}},{"type":"Feature","id":"2609","properties":{"geo_fips":"2609","census_geoid_119":"2609","geo_name":"Michigan's 9th","state_abbr":"MI","state_fips":"26","cx":530.007547,"cy":450.0,"col2":51,"row":25,"hex_neighbors":["2611","2613","3909"]},"geometry":{"type":"Polygon","coordinates":[[[539.966839,444.25],[539.966839,455.75],[530.007547,461.5],[520.048255,455.75],[520.048255,444.25],[530.007547,438.5],[539.966839,444.25]]]}},{"type":"Feature","id":"2610","properties":{"geo_fips":"2610","census_geoid_119":"2610","geo_name":"Michigan's 10th","state_abbr":"MI","state_fips":"26","cx":530.007547,"cy":486.0,"col2":51,"row":27,"hex_neighbors":["2604","2605","2611"]},"geometry":{"type":"Polygon","coordinates":[[[539.966839,480.25],[539.966839,491.75],[530.007547,497.5],[520.048255,491.75],[520.048255,480.25],[530.007547,474.5],[539.966839,480.25]]]}},{"type":"Feature","id":"2611","properties":{"geo_fips":"2611","census_geoid_119":"2611","geo_name":"Michigan's 11th","state_abbr":"MI","state_fips":"26","cx":519.615242,"cy":468.0,"col2":50,"row":26,"hex_neighbors":["2605","2608","2609","2610","2613"]},"geometry":{"type":"Polygon","coordinates":[[[529.574534,462.25],[529.574534,473.75],[519.615242,479.5],[509.65595,473.75],[509.65595,462.25],[519.615242,456.5],[529.574534,462.25]]]}},{"type":"Feature","id":"2612","properties":{"geo_fips":"2612","census_geoid_119":"2612","geo_name":"Michigan's 12th","state_abbr":"MI","state_fips":"26","cx":488.438328,"cy":450.0,"col2":47,"row":25,"hex_neighbors":["2606","2607","2608","2613"]},"geometry":{"type":"Polygon","coordinates":[[[498.39762,444.25],[498.39762,455.75],[488.438328,461.5],[478.479036,455.75],[478.479036,444.25],[488.438328,438.5],[498.39762,444.25]]]}},{"type":"Feature","id":"2613","properties":{"geo_fips":"2613","census_geoid_119":"2613","geo_name":"Michigan's 13th","state_abbr":"MI","state_fips":"26","cx":509.222937,"cy":450.0,"col2":49,"row":25,"hex_neighbors":["2607","2608","2609","2611","2612","3909"]},"geometry":{"type":"Polygon","coordinates":[[[519.182229,444.25],[519.182229,455.75],[509.222937,461.5],[499.263645,455.75],[499.263645,444.25],[509.222937,438.5],[519.182229,444.25]]]}},{"type":"Feature","id":"2701","properties":{"geo_fips":"2701","census_geoid_119":"2701","geo_name":"Minnesota's 1st","state_abbr":"MN","state_fips":"27","cx":374.122974,"cy":468.0,"col2":36,"row":26,"hex_neighbors":["1716","1717","1901","2702","2703","4601"]},"geometry":{"type":"Polygon","coordinates":[[[384.082266,462.25],[384.082266,473.75],[374.122974,479.5],[364.163682,473.75],[364.163682,462.25],[374.122974,456.5],[384.082266,462.25]]]}},{"type":"Feature","id":"2702","properties":{"geo_fips":"2702","census_geoid_119":"2702","geo_name":"Minnesota's 2nd","state_abbr":"MN","state_fips":"27","cx":394.907584,"cy":468.0,"col2":38,"row":26,"hex_neighbors":["1716","2701","2703","2705","5502","5503"]},"geometry":{"type":"Polygon","coordinates":[[[404.866876,462.25],[404.866876,473.75],[394.907584,479.5],[384.948292,473.75],[384.948292,462.25],[394.907584,456.5],[404.866876,462.25]]]}},{"type":"Feature","id":"2703","properties":{"geo_fips":"2703","census_geoid_119":"2703","geo_name":"Minnesota's 3rd","state_abbr":"MN","state_fips":"27","cx":384.515279,"cy":486.0,"col2":37,"row":27,"hex_neighbors":["2701","2702","2705","2706","2707","4601"]},"geometry":{"type":"Polygon","coordinates":[[[394.474571,480.25],[394.474571,491.75],[384.515279,497.5],[374.555987,491.75],[374.555987,480.25],[384.515279,474.5],[394.474571,480.25]]]}},{"type":"Feature","id":"2704","properties":{"geo_fips":"2704","census_geoid_119":"2704","geo_name":"Minnesota's 4th","state_abbr":"MN","state_fips":"27","cx":426.084499,"cy":486.0,"col2":41,"row":27,"hex_neighbors":["2601","2603","2705","5503","5507"]},"geometry":{"type":"Polygon","coordinates":[[[436.043791,480.25],[436.043791,491.75],[426.084499,497.5],[416.125207,491.75],[416.125207,480.25],[426.084499,474.5],[436.043791,480.25]]]}},{"type":"Feature","id":"2705","properties":{"geo_fips":"2705","census_geoid_119":"2705","geo_name":"Minnesota's 5th","state_abbr":"MN","state_fips":"27","cx":405.299889,"cy":486.0,"col2":39,"row":27,"hex_neighbors":["2702","2703","2704","2706","5503"]},"geometry":{"type":"Polygon","coordinates":[[[415.259181,480.25],[415.259181,491.75],[405.299889,497.5],[395.340597,491.75],[395.340597,480.25],[405.299889,474.5],[415.259181,480.25]]]}},{"type":"Feature","id":"2706","properties":{"geo_fips":"2706","census_geoid_119":"2706","geo_name":"Minnesota's 6th","state_abbr":"MN","state_fips":"27","cx":394.907584,"cy":504.0,"col2":38,"row":28,"hex_neighbors":["2703","2705","2707","2708"]},"geometry":{"type":"Polygon","coordinates":[[[404.866876,498.25],[404.866876,509.75],[394.907584,515.5],[384.948292,509.75],[384.948292,498.25],[394.907584,492.5],[404.866876,498.25]]]}},{"type":"Feature","id":"2707","properties":{"geo_fips":"2707","census_geoid_119":"2707","geo_name":"Minnesota's 7th","state_abbr":"MN","state_fips":"27","cx":374.122974,"cy":504.0,"col2":36,"row":28,"hex_neighbors":["2703","2706","2708","3801","4601"]},"geometry":{"type":"Polygon","coordinates":[[[384.082266,498.25],[384.082266,509.75],[374.122974,515.5],[364.163682,509.75],[364.163682,498.25],[374.122974,492.5],[384.082266,498.25]]]}},{"type":"Feature","id":"2708","properties":{"geo_fips":"2708","census_geoid_119":"2708","geo_name":"Minnesota's 8th","state_abbr":"MN","state_fips":"27","cx":384.515279,"cy":522.0,"col2":37,"row":29,"hex_neighbors":["2706","2707"]},"geometry":{"type":"Polygon","coordinates":[[[394.474571,516.25],[394.474571,527.75],[384.515279,533.5],[374.555987,527.75],[374.555987,516.25],[384.515279,510.5],[394.474571,516.25]]]}},{"type":"Feature","id":"2801","properties":{"geo_fips":"2801","census_geoid_119":"2801","geo_name":"Mississippi's 1st","state_abbr":"MS","state_fips":"28","cx":561.184462,"cy":288.0,"col2":54,"row":16,"hex_neighbors":["0104","0107","2802","2803","4707","4708"]},"geometry":{"type":"Polygon","coordinates":[[[571.143754,282.25],[571.143754,293.75],[561.184462,299.5],[551.22517,293.75],[551.22517,282.25],[561.184462,276.5],[571.143754,282.25]]]}},{"type":"Feature","id":"2802","properties":{"geo_fips":"2802","census_geoid_119":"2802","geo_name":"Mississippi's 2nd","state_abbr":"MS","state_fips":"28","cx":540.399852,"cy":288.0,"col2":52,"row":16,"hex_neighbors":["2204","2205","2801","2803","4708","4709"]},"geometry":{"type":"Polygon","coordinates":[[[550.359144,282.25],[550.359144,293.75],[540.399852,299.5],[530.44056,293.75],[530.44056,282.25],[540.399852,276.5],[550.359144,282.25]]]}},{"type":"Feature","id":"2803","properties":{"geo_fips":"2803","census_geoid_119":"2803","geo_name":"Mississippi's 3rd","state_abbr":"MS","state_fips":"28","cx":550.792157,"cy":270.0,"col2":53,"row":15,"hex_neighbors":["0107","2205","2206","2801","2802","2804"]},"geometry":{"type":"Polygon","coordinates":[[[560.751449,264.25],[560.751449,275.75],[550.792157,281.5],[540.832865,275.75],[540.832865,264.25],[550.792157,258.5],[560.751449,264.25]]]}},{"type":"Feature","id":"2804","properties":{"geo_fips":"2804","census_geoid_119":"2804","geo_name":"Mississippi's 4th","state_abbr":"MS","state_fips":"28","cx":561.184462,"cy":252.0,"col2":54,"row":14,"hex_neighbors":["0101","0107","2201","2206","2803"]},"geometry":{"type":"Polygon","coordinates":[[[571.143754,246.25],[571.143754,257.75],[561.184462,263.5],[551.22517,257.75],[551.22517,246.25],[561.184462,240.5],[571.143754,246.25]]]}},{"type":"Feature","id":"2901","properties":{"geo_fips":"2901","census_geoid_119":"2901","geo_name":"Missouri's 1st","state_abbr":"MO","state_fips":"29","cx":446.869108,"cy":342.0,"col2":43,"row":19,"hex_neighbors":["1702","1715","1809","2902","2908","4002"]},"geometry":{"type":"Polygon","coordinates":[[[456.8284,336.25],[456.8284,347.75],[446.869108,353.5],[436.909816,347.75],[436.909816,336.25],[446.869108,330.5],[456.8284,336.25]]]}},{"type":"Feature","id":"2902","properties":{"geo_fips":"2902","census_geoid_119":"2902","geo_name":"Missouri's 2nd","state_abbr":"MO","state_fips":"29","cx":426.084499,"cy":342.0,"col2":41,"row":19,"hex_neighbors":["1712","1715","2901","2903","4001","4002"]},"geometry":{"type":"Polygon","coordinates":[[[436.043791,336.25],[436.043791,347.75],[426.084499,353.5],[416.125207,347.75],[416.125207,336.25],[426.084499,330.5],[436.043791,336.25]]]}},{"type":"Feature","id":"2903","properties":{"geo_fips":"2903","census_geoid_119":"2903","geo_name":"Missouri's 3rd","state_abbr":"MO","state_fips":"29","cx":405.299889,"cy":342.0,"col2":39,"row":19,"hex_neighbors":["1712","2902","2904","2907","4001","4005"]},"geometry":{"type":"Polygon","coordinates":[[[415.259181,336.25],[415.259181,347.75],[405.299889,353.5],[395.340597,347.75],[395.340597,336.25],[405.299889,330.5],[415.259181,336.25]]]}},{"type":"Feature","id":"2904","properties":{"geo_fips":"2904","census_geoid_119":"2904","geo_name":"Missouri's 4th","state_abbr":"MO","state_fips":"29","cx":394.907584,"cy":360.0,"col2":38,"row":20,"hex_neighbors":["1703","1711","1712","2903","2905","2907"]},"geometry":{"type":"Polygon","coordinates":[[[404.866876,354.25],[404.866876,365.75],[394.907584,371.5],[384.948292,365.75],[384.948292,354.25],[394.907584,348.5],[404.866876,354.25]]]}},{"type":"Feature","id":"2905","properties":{"geo_fips":"2905","census_geoid_119":"2905","geo_name":"Missouri's 5th","state_abbr":"MO","state_fips":"29","cx":374.122974,"cy":360.0,"col2":36,"row":20,"hex_neighbors":["1711","2002","2003","2904","2906","2907"]},"geometry":{"type":"Polygon","coordinates":[[[384.082266,354.25],[384.082266,365.75],[374.122974,371.5],[364.163682,365.75],[364.163682,354.25],[374.122974,348.5],[384.082266,354.25]]]}},{"type":"Feature","id":"2906","properties":{"geo_fips":"2906","census_geoid_119":"2906","geo_name":"Missouri's 6th","state_abbr":"MO","state_fips":"29","cx":363.73067,"cy":378.0,"col2":35,"row":21,"hex_neighbors":["1708","1711","2003","2004","2905","3102"]},"geometry":{"type":"Polygon","coordinates":[[[373.689962,372.25],[373.689962,383.75],[363.73067,389.5],[353.771378,383.75],[353.771378,372.25],[363.73067,366.5],[373.689962,372.25]]]}},{"type":"Feature","id":"2907","properties":{"geo_fips":"2907","census_geoid_119":"2907","geo_name":"Missouri's 7th","state_abbr":"MO","state_fips":"29","cx":384.515279,"cy":342.0,"col2":37,"row":19,"hex_neighbors":["2002","2903","2904","2905","4003","4005"]},"geometry":{"type":"Polygon","coordinates":[[[394.474571,336.25],[394.474571,347.75],[384.515279,353.5],[374.555987,347.75],[374.555987,336.25],[384.515279,330.5],[394.474571,336.25]]]}},{"type":"Feature","id":"2908","properties":{"geo_fips":"2908","census_geoid_119":"2908","geo_name":"Missouri's 8th","state_abbr":"MO","state_fips":"29","cx":457.261413,"cy":324.0,"col2":44,"row":18,"hex_neighbors":["0503","0504","1809","2101","2901","4002"]},"geometry":{"type":"Polygon","coordinates":[[[467.220705,318.25],[467.220705,329.75],[457.261413,335.5],[447.302121,329.75],[447.302121,318.25],[457.261413,312.5],[467.220705,318.25]]]}},{"type":"Feature","id":"3001","properties":{"geo_fips":"3001","census_geoid_119":"3001","geo_name":"Montana's 1st","state_abbr":"MT","state_fips":"30","cx":332.553755,"cy":504.0,"col2":32,"row":28,"hex_neighbors":["3002","3801","4102","5305","5308"]},"geometry":{"type":"Polygon","coordinates":[[[342.513047,498.25],[342.513047,509.75],[332.553755,515.5],[322.594463,509.75],[322.594463,498.25],[332.553755,492.5],[342.513047,498.25]]]}},{"type":"Feature","id":"3002","properties":{"geo_fips":"3002","census_geoid_119":"3002","geo_name":"Montana's 2nd","state_abbr":"MT","state_fips":"30","cx":342.94606,"cy":486.0,"col2":33,"row":27,"hex_neighbors":["1901","3001","3801","4102","4601","5601"]},"geometry":{"type":"Polygon","coordinates":[[[352.905352,480.25],[352.905352,491.75],[342.94606,497.5],[332.986768,491.75],[332.986768,480.25],[342.94606,474.5],[352.905352,480.25]]]}},{"type":"Feature","id":"3101","properties":{"geo_fips":"3101","census_geoid_119":"3101","geo_name":"Nebraska's 1st","state_abbr":"NE","state_fips":"31","cx":342.94606,"cy":414.0,"col2":33,"row":23,"hex_neighbors":["0802","1902","1903","2001","3102","3103"]},"geometry":{"type":"Polygon","coordinates":[[[352.905352,408.25],[352.905352,419.75],[342.94606,425.5],[332.986768,419.75],[332.986768,408.25],[342.94606,402.5],[352.905352,408.25]]]}},{"type":"Feature","id":"3102","properties":{"geo_fips":"3102","census_geoid_119":"3102","geo_name":"Nebraska's 2nd","state_abbr":"NE","state_fips":"31","cx":353.338365,"cy":396.0,"col2":34,"row":22,"hex_neighbors":["1708","1902","2001","2004","2906","3101"]},"geometry":{"type":"Polygon","coordinates":[[[363.297657,390.25],[363.297657,401.75],[353.338365,407.5],[343.379073,401.75],[343.379073,390.25],[353.338365,384.5],[363.297657,390.25]]]}},{"type":"Feature","id":"3103","properties":{"geo_fips":"3103","census_geoid_119":"3103","geo_name":"Nebraska's 3rd","state_abbr":"NE","state_fips":"31","cx":332.553755,"cy":432.0,"col2":32,"row":24,"hex_neighbors":["0802","1903","1904","3101","4903","4904"]},"geometry":{"type":"Polygon","coordinates":[[[342.513047,426.25],[342.513047,437.75],[332.553755,443.5],[322.594463,437.75],[322.594463,426.25],[332.553755,420.5],[342.513047,426.25]]]}},{"type":"Feature","id":"3201","properties":{"geo_fips":"3201","census_geoid_119":"3201","geo_name":"Nevada's 1st","state_abbr":"NV","state_fips":"32","cx":290.984536,"cy":432.0,"col2":28,"row":24,"hex_neighbors":["0610","3203","3204","4901","4902","4904"]},"geometry":{"type":"Polygon","coordinates":[[[300.943828,426.25],[300.943828,437.75],[290.984536,443.5],[281.025244,437.75],[281.025244,426.25],[290.984536,420.5],[300.943828,426.25]]]}},{"type":"Feature","id":"3202","properties":{"geo_fips":"3202","census_geoid_119":"3202","geo_name":"Nevada's 2nd","state_abbr":"NV","state_fips":"32","cx":270.199926,"cy":468.0,"col2":26,"row":26,"hex_neighbors":["0604","0606","1602","3204","4104","4106"]},"geometry":{"type":"Polygon","coordinates":[[[280.159218,462.25],[280.159218,473.75],[270.199926,479.5],[260.240634,473.75],[260.240634,462.25],[270.199926,456.5],[280.159218,462.25]]]}},{"type":"Feature","id":"3203","properties":{"geo_fips":"3203","census_geoid_119":"3203","geo_name":"Nevada's 3rd","state_abbr":"NV","state_fips":"32","cx":280.592231,"cy":414.0,"col2":27,"row":23,"hex_neighbors":["0404","0608","0610","0619","3201","4902"]},"geometry":{"type":"Polygon","coordinates":[[[290.551523,408.25],[290.551523,419.75],[280.592231,425.5],[270.632939,419.75],[270.632939,408.25],[280.592231,402.5],[290.551523,408.25]]]}},{"type":"Feature","id":"3204","properties":{"geo_fips":"3204","census_geoid_119":"3204","geo_name":"Nevada's 4th","state_abbr":"NV","state_fips":"32","cx":280.592231,"cy":450.0,"col2":27,"row":25,"hex_neighbors":["0606","0610","1602","3201","3202","4901"]},"geometry":{"type":"Polygon","coordinates":[[[290.551523,444.25],[290.551523,455.75],[280.592231,461.5],[270.632939,455.75],[270.632939,444.25],[280.592231,438.5],[290.551523,444.25]]]}},{"type":"Feature","id":"3301","properties":{"geo_fips":"3301","census_geoid_119":"3301","geo_name":"New Hampshire's 1st","state_abbr":"NH","state_fips":"33","cx":789.815168,"cy":504.0,"col2":76,"row":28,"hex_neighbors":["2501","2502","2504","2508","2509","3302"]},"geometry":{"type":"Polygon","coordinates":[[[799.77446,498.25],[799.77446,509.75],[789.815168,515.5],[779.855876,509.75],[779.855876,498.25],[789.815168,492.5],[799.77446,498.25]]]}},{"type":"Feature","id":"3302","properties":{"geo_fips":"3302","census_geoid_119":"3302","geo_name":"New Hampshire's 2nd","state_abbr":"NH","state_fips":"33","cx":769.030559,"cy":504.0,"col2":74,"row":28,"hex_neighbors":["0901","2501","2504","3301","5001"]},"geometry":{"type":"Polygon","coordinates":[[[778.989851,498.25],[778.989851,509.75],[769.030559,515.5],[759.071267,509.75],[759.071267,498.25],[769.030559,492.5],[778.989851,498.25]]]}},{"type":"Feature","id":"3401","properties":{"geo_fips":"3401","census_geoid_119":"3401","geo_name":"New Jersey's 1st","state_abbr":"NJ","state_fips":"34","cx":665.10751,"cy":396.0,"col2":64,"row":22,"hex_neighbors":["2406","3402","3406","3412","4202","4203"]},"geometry":{"type":"Polygon","coordinates":[[[675.066802,390.25],[675.066802,401.75],[665.10751,407.5],[655.148218,401.75],[655.148218,390.25],[665.10751,384.5],[675.066802,390.25]]]}},{"type":"Feature","id":"3402","properties":{"geo_fips":"3402","census_geoid_119":"3402","geo_name":"New Jersey's 2nd","state_abbr":"NJ","state_fips":"34","cx":685.89212,"cy":396.0,"col2":66,"row":22,"hex_neighbors":["2401","2406","3401","3403","3404","3406"]},"geometry":{"type":"Polygon","coordinates":[[[695.851412,390.25],[695.851412,401.75],[685.89212,407.5],[675.932828,401.75],[675.932828,390.25],[685.89212,384.5],[695.851412,390.25]]]}},{"type":"Feature","id":"3403","properties":{"geo_fips":"3403","census_geoid_119":"3403","geo_name":"New Jersey's 3rd","state_abbr":"NJ","state_fips":"34","cx":706.676729,"cy":396.0,"col2":68,"row":22,"hex_neighbors":["1001","1101","2401","3402","3404","3410"]},"geometry":{"type":"Polygon","coordinates":[[[716.636021,390.25],[716.636021,401.75],[706.676729,407.5],[696.717437,401.75],[696.717437,390.25],[706.676729,384.5],[716.636021,390.25]]]}},{"type":"Feature","id":"3404","properties":{"geo_fips":"3404","census_geoid_119":"3404","geo_name":"New Jersey's 4th","state_abbr":"NJ","state_fips":"34","cx":696.284425,"cy":414.0,"col2":67,"row":23,"hex_neighbors":["3402","3403","3406","3409","3410","3411"]},"geometry":{"type":"Polygon","coordinates":[[[706.243717,408.25],[706.243717,419.75],[696.284425,425.5],[686.325133,419.75],[686.325133,408.25],[696.284425,402.5],[706.243717,408.25]]]}},{"type":"Feature","id":"3405","properties":{"geo_fips":"3405","census_geoid_119":"3405","geo_name":"New Jersey's 5th","state_abbr":"NJ","state_fips":"34","cx":665.10751,"cy":432.0,"col2":64,"row":24,"hex_neighbors":["3406","3407","3411","3412","3606","3608"]},"geometry":{"type":"Polygon","coordinates":[[[675.066802,426.25],[675.066802,437.75],[665.10751,443.5],[655.148218,437.75],[655.148218,426.25],[665.10751,420.5],[675.066802,426.25]]]}},{"type":"Feature","id":"3406","properties":{"geo_fips":"3406","census_geoid_119":"3406","geo_name":"New Jersey's 6th","state_abbr":"NJ","state_fips":"34","cx":675.499815,"cy":414.0,"col2":65,"row":23,"hex_neighbors":["3401","3402","3404","3405","3411","3412"]},"geometry":{"type":"Polygon","coordinates":[[[685.459107,408.25],[685.459107,419.75],[675.499815,425.5],[665.540523,419.75],[665.540523,408.25],[675.499815,402.5],[685.459107,408.25]]]}},{"type":"Feature","id":"3407","properties":{"geo_fips":"3407","census_geoid_119":"3407","geo_name":"New Jersey's 7th","state_abbr":"NJ","state_fips":"34","cx":644.3229,"cy":432.0,"col2":62,"row":24,"hex_neighbors":["3405","3412","3606","3607","4201","4208"]},"geometry":{"type":"Polygon","coordinates":[[[654.282192,426.25],[654.282192,437.75],[644.3229,443.5],[634.363608,437.75],[634.363608,426.25],[644.3229,420.5],[654.282192,426.25]]]}},{"type":"Feature","id":"3408","properties":{"geo_fips":"3408","census_geoid_119":"3408","geo_name":"New Jersey's 8th","state_abbr":"NJ","state_fips":"34","cx":727.461339,"cy":432.0,"col2":70,"row":24,"hex_neighbors":["3409","3410","3602","3603","3604"]},"geometry":{"type":"Polygon","coordinates":[[[737.420631,426.25],[737.420631,437.75],[727.461339,443.5],[717.502047,437.75],[717.502047,426.25],[727.461339,420.5],[737.420631,426.25]]]}},{"type":"Feature","id":"3409","properties":{"geo_fips":"3409","census_geoid_119":"3409","geo_name":"New Jersey's 9th","state_abbr":"NJ","state_fips":"34","cx":706.676729,"cy":432.0,"col2":68,"row":24,"hex_neighbors":["3404","3408","3410","3411","3603","3605"]},"geometry":{"type":"Polygon","coordinates":[[[716.636021,426.25],[716.636021,437.75],[706.676729,443.5],[696.717437,437.75],[696.717437,426.25],[706.676729,420.5],[716.636021,426.25]]]}},{"type":"Feature","id":"3410","properties":{"geo_fips":"3410","census_geoid_119":"3410","geo_name":"New Jersey's 10th","state_abbr":"NJ","state_fips":"34","cx":717.069034,"cy":414.0,"col2":69,"row":23,"hex_neighbors":["1101","3403","3404","3408","3409"]},"geometry":{"type":"Polygon","coordinates":[[[727.028326,408.25],[727.028326,419.75],[717.069034,425.5],[707.109742,419.75],[707.109742,408.25],[717.069034,402.5],[727.028326,408.25]]]}},{"type":"Feature","id":"3411","properties":{"geo_fips":"3411","census_geoid_119":"3411","geo_name":"New Jersey's 11th","state_abbr":"NJ","state_fips":"34","cx":685.89212,"cy":432.0,"col2":66,"row":24,"hex_neighbors":["3404","3405","3406","3409","3605","3608"]},"geometry":{"type":"Polygon","coordinates":[[[695.851412,426.25],[695.851412,437.75],[685.89212,443.5],[675.932828,437.75],[675.932828,426.25],[685.89212,420.5],[695.851412,426.25]]]}},{"type":"Feature","id":"3412","properties":{"geo_fips":"3412","census_geoid_119":"3412","geo_name":"New Jersey's 12th","state_abbr":"NJ","state_fips":"34","cx":654.715205,"cy":414.0,"col2":63,"row":23,"hex_neighbors":["3401","3405","3406","3407","4201","4202"]},"geometry":{"type":"Polygon","coordinates":[[[664.674497,408.25],[664.674497,419.75],[654.715205,425.5],[644.755913,419.75],[644.755913,408.25],[654.715205,402.5],[664.674497,408.25]]]}},{"type":"Feature","id":"3501","properties":{"geo_fips":"3501","census_geoid_119":"3501","geo_name":"New Mexico's 1st","state_abbr":"NM","state_fips":"35","cx":394.907584,"cy":252.0,"col2":38,"row":14,"hex_neighbors":["0402","3502","3503","4806","4825"]},"geometry":{"type":"Polygon","coordinates":[[[404.866876,246.25],[404.866876,257.75],[394.907584,263.5],[384.948292,257.75],[384.948292,246.25],[394.907584,240.5],[404.866876,246.25]]]}},{"type":"Feature","id":"3502","properties":{"geo_fips":"3502","census_geoid_119":"3502","geo_name":"New Mexico's 2nd","state_abbr":"NM","state_fips":"35","cx":405.299889,"cy":234.0,"col2":39,"row":13,"hex_neighbors":["3501","4821","4823","4825"]},"geometry":{"type":"Polygon","coordinates":[[[415.259181,228.25],[415.259181,239.75],[405.299889,245.5],[395.340597,239.75],[395.340597,228.25],[405.299889,222.5],[415.259181,228.25]]]}},{"type":"Feature","id":"3503","properties":{"geo_fips":"3503","census_geoid_119":"3503","geo_name":"New Mexico's 3rd","state_abbr":"NM","state_fips":"35","cx":384.515279,"cy":270.0,"col2":37,"row":15,"hex_neighbors":["0402","0403","0804","3501","4806","4811"]},"geometry":{"type":"Polygon","coordinates":[[[394.474571,264.25],[394.474571,275.75],[384.515279,281.5],[374.555987,275.75],[374.555987,264.25],[384.515279,258.5],[394.474571,264.25]]]}},{"type":"Feature","id":"3601","properties":{"geo_fips":"3601","census_geoid_119":"3601","geo_name":"New York's 1st","state_abbr":"NY","state_fips":"36","cx":769.030559,"cy":432.0,"col2":74,"row":24,"hex_neighbors":["0904","3602","4402"]},"geometry":{"type":"Polygon","coordinates":[[[778.989851,426.25],[778.989851,437.75],[769.030559,443.5],[759.071267,437.75],[759.071267,426.25],[769.030559,420.5],[778.989851,426.25]]]}},{"type":"Feature","id":"3602","properties":{"geo_fips":"3602","census_geoid_119":"3602","geo_name":"New York's 2nd","state_abbr":"NY","state_fips":"36","cx":748.245949,"cy":432.0,"col2":72,"row":24,"hex_neighbors":["0904","3408","3601","3604"]},"geometry":{"type":"Polygon","coordinates":[[[758.205241,426.25],[758.205241,437.75],[748.245949,443.5],[738.286657,437.75],[738.286657,426.25],[748.245949,420.5],[758.205241,426.25]]]}},{"type":"Feature","id":"3603","properties":{"geo_fips":"3603","census_geoid_119":"3603","geo_name":"New York's 3rd","state_abbr":"NY","state_fips":"36","cx":717.069034,"cy":450.0,"col2":69,"row":25,"hex_neighbors":["3408","3409","3604","3605","3610","3612"]},"geometry":{"type":"Polygon","coordinates":[[[727.028326,444.25],[727.028326,455.75],[717.069034,461.5],[707.109742,455.75],[707.109742,444.25],[717.069034,438.5],[727.028326,444.25]]]}},{"type":"Feature","id":"3604","properties":{"geo_fips":"3604","census_geoid_119":"3604","geo_name":"New York's 4th","state_abbr":"NY","state_fips":"36","cx":737.853644,"cy":450.0,"col2":71,"row":25,"hex_neighbors":["0903","0904","3408","3602","3603","3610"]},"geometry":{"type":"Polygon","coordinates":[[[747.812936,444.25],[747.812936,455.75],[737.853644,461.5],[727.894352,455.75],[727.894352,444.25],[737.853644,438.5],[747.812936,444.25]]]}},{"type":"Feature","id":"3605","properties":{"geo_fips":"3605","census_geoid_119":"3605","geo_name":"New York's 5th","state_abbr":"NY","state_fips":"36","cx":696.284425,"cy":450.0,"col2":67,"row":25,"hex_neighbors":["3409","3411","3603","3608","3612","3613"]},"geometry":{"type":"Polygon","coordinates":[[[706.243717,444.25],[706.243717,455.75],[696.284425,461.5],[686.325133,455.75],[686.325133,444.25],[696.284425,438.5],[706.243717,444.25]]]}},{"type":"Feature","id":"3606","properties":{"geo_fips":"3606","census_geoid_119":"3606","geo_name":"New York's 6th","state_abbr":"NY","state_fips":"36","cx":654.715205,"cy":450.0,"col2":63,"row":25,"hex_neighbors":["3405","3407","3607","3608","3614","3615"]},"geometry":{"type":"Polygon","coordinates":[[[664.674497,444.25],[664.674497,455.75],[654.715205,461.5],[644.755913,455.75],[644.755913,444.25],[654.715205,438.5],[664.674497,444.25]]]}},{"type":"Feature","id":"3607","properties":{"geo_fips":"3607","census_geoid_119":"3607","geo_name":"New York's 7th","state_abbr":"NY","state_fips":"36","cx":633.930596,"cy":450.0,"col2":61,"row":25,"hex_neighbors":["3407","3606","3609","3614","3616","4208"]},"geometry":{"type":"Polygon","coordinates":[[[643.889888,444.25],[643.889888,455.75],[633.930596,461.5],[623.971304,455.75],[623.971304,444.25],[633.930596,438.5],[643.889888,444.25]]]}},{"type":"Feature","id":"3608","properties":{"geo_fips":"3608","census_geoid_119":"3608","geo_name":"New York's 8th","state_abbr":"NY","state_fips":"36","cx":675.499815,"cy":450.0,"col2":65,"row":25,"hex_neighbors":["3405","3411","3605","3606","3613","3615"]},"geometry":{"type":"Polygon","coordinates":[[[685.459107,444.25],[685.459107,455.75],[675.499815,461.5],[665.540523,455.75],[665.540523,444.25],[675.499815,438.5],[685.459107,444.25]]]}},{"type":"Feature","id":"3609","properties":{"geo_fips":"3609","census_geoid_119":"3609","geo_name":"New York's 9th","state_abbr":"NY","state_fips":"36","cx":613.145986,"cy":450.0,"col2":59,"row":25,"hex_neighbors":["3607","3611","3616","3617","4208","4212"]},"geometry":{"type":"Polygon","coordinates":[[[623.105278,444.25],[623.105278,455.75],[613.145986,461.5],[603.186694,455.75],[603.186694,444.25],[613.145986,438.5],[623.105278,444.25]]]}},{"type":"Feature","id":"3610","properties":{"geo_fips":"3610","census_geoid_119":"3610","geo_name":"New York's 10th","state_abbr":"NY","state_fips":"36","cx":727.461339,"cy":468.0,"col2":70,"row":26,"hex_neighbors":["0903","0905","3603","3604","3612","3619"]},"geometry":{"type":"Polygon","coordinates":[[[737.420631,462.25],[737.420631,473.75],[727.461339,479.5],[717.502047,473.75],[717.502047,462.25],[727.461339,456.5],[737.420631,462.25]]]}},{"type":"Feature","id":"3611","properties":{"geo_fips":"3611","census_geoid_119":"3611","geo_name":"New York's 11th","state_abbr":"NY","state_fips":"36","cx":592.361376,"cy":450.0,"col2":57,"row":25,"hex_neighbors":["3609","3617","3618","4212","4215"]},"geometry":{"type":"Polygon","coordinates":[[[602.320668,444.25],[602.320668,455.75],[592.361376,461.5],[582.402084,455.75],[582.402084,444.25],[592.361376,438.5],[602.320668,444.25]]]}},{"type":"Feature","id":"3612","properties":{"geo_fips":"3612","census_geoid_119":"3612","geo_name":"New York's 12th","state_abbr":"NY","state_fips":"36","cx":706.676729,"cy":468.0,"col2":68,"row":26,"hex_neighbors":["3603","3605","3610","3613","3619","3620"]},"geometry":{"type":"Polygon","coordinates":[[[716.636021,462.25],[716.636021,473.75],[706.676729,479.5],[696.717437,473.75],[696.717437,462.25],[706.676729,456.5],[716.636021,462.25]]]}},{"type":"Feature","id":"3613","properties":{"geo_fips":"3613","census_geoid_119":"3613","geo_name":"New York's 13th","state_abbr":"NY","state_fips":"36","cx":685.89212,"cy":468.0,"col2":66,"row":26,"hex_neighbors":["3605","3608","3612","3615","3620","3622"]},"geometry":{"type":"Polygon","coordinates":[[[695.851412,462.25],[695.851412,473.75],[685.89212,479.5],[675.932828,473.75],[675.932828,462.25],[685.89212,456.5],[695.851412,462.25]]]}},{"type":"Feature","id":"3614","properties":{"geo_fips":"3614","census_geoid_119":"3614","geo_name":"New York's 14th","state_abbr":"NY","state_fips":"36","cx":644.3229,"cy":468.0,"col2":62,"row":26,"hex_neighbors":["3606","3607","3615","3616","3623","3626"]},"geometry":{"type":"Polygon","coordinates":[[[654.282192,462.25],[654.282192,473.75],[644.3229,479.5],[634.363608,473.75],[634.363608,462.25],[644.3229,456.5],[654.282192,462.25]]]}},{"type":"Feature","id":"3615","properties":{"geo_fips":"3615","census_geoid_119":"3615","geo_name":"New York's 15th","state_abbr":"NY","state_fips":"36","cx":665.10751,"cy":468.0,"col2":64,"row":26,"hex_neighbors":["3606","3608","3613","3614","3622","3623"]},"geometry":{"type":"Polygon","coordinates":[[[675.066802,462.25],[675.066802,473.75],[665.10751,479.5],[655.148218,473.75],[655.148218,462.25],[665.10751,456.5],[675.066802,462.25]]]}},{"type":"Feature","id":"3616","properties":{"geo_fips":"3616","census_geoid_119":"3616","geo_name":"New York's 16th","state_abbr":"NY","state_fips":"36","cx":623.538291,"cy":468.0,"col2":60,"row":26,"hex_neighbors":["3607","3609","3614","3617","3626"]},"geometry":{"type":"Polygon","coordinates":[[[633.497583,462.25],[633.497583,473.75],[623.538291,479.5],[613.578999,473.75],[613.578999,462.25],[623.538291,456.5],[633.497583,462.25]]]}},{"type":"Feature","id":"3617","properties":{"geo_fips":"3617","census_geoid_119":"3617","geo_name":"New York's 17th","state_abbr":"NY","state_fips":"36","cx":602.753681,"cy":468.0,"col2":58,"row":26,"hex_neighbors":["3609","3611","3616","3618"]},"geometry":{"type":"Polygon","coordinates":[[[612.712973,462.25],[612.712973,473.75],[602.753681,479.5],[592.794389,473.75],[592.794389,462.25],[602.753681,456.5],[612.712973,462.25]]]}},{"type":"Feature","id":"3618","properties":{"geo_fips":"3618","census_geoid_119":"3618","geo_name":"New York's 18th","state_abbr":"NY","state_fips":"36","cx":581.969071,"cy":468.0,"col2":56,"row":26,"hex_neighbors":["3611","3617"]},"geometry":{"type":"Polygon","coordinates":[[[591.928363,462.25],[591.928363,473.75],[581.969071,479.5],[572.009779,473.75],[572.009779,462.25],[581.969071,456.5],[591.928363,462.25]]]}},{"type":"Feature","id":"3619","properties":{"geo_fips":"3619","census_geoid_119":"3619","geo_name":"New York's 19th","state_abbr":"NY","state_fips":"36","cx":717.069034,"cy":486.0,"col2":69,"row":27,"hex_neighbors":["0905","3610","3612","3620","3621","3624"]},"geometry":{"type":"Polygon","coordinates":[[[727.028326,480.25],[727.028326,491.75],[717.069034,497.5],[707.109742,491.75],[707.109742,480.25],[717.069034,474.5],[727.028326,480.25]]]}},{"type":"Feature","id":"3620","properties":{"geo_fips":"3620","census_geoid_119":"3620","geo_name":"New York's 20th","state_abbr":"NY","state_fips":"36","cx":696.284425,"cy":486.0,"col2":67,"row":27,"hex_neighbors":["3612","3613","3619","3622","3624","3625"]},"geometry":{"type":"Polygon","coordinates":[[[706.243717,480.25],[706.243717,491.75],[696.284425,497.5],[686.325133,491.75],[686.325133,480.25],[696.284425,474.5],[706.243717,480.25]]]}},{"type":"Feature","id":"3621","properties":{"geo_fips":"3621","census_geoid_119":"3621","geo_name":"New York's 21st","state_abbr":"NY","state_fips":"36","cx":727.461339,"cy":504.0,"col2":70,"row":28,"hex_neighbors":["0905","3619","3624","5001"]},"geometry":{"type":"Polygon","coordinates":[[[737.420631,498.25],[737.420631,509.75],[727.461339,515.5],[717.502047,509.75],[717.502047,498.25],[727.461339,492.5],[737.420631,498.25]]]}},{"type":"Feature","id":"3622","properties":{"geo_fips":"3622","census_geoid_119":"3622","geo_name":"New York's 22nd","state_abbr":"NY","state_fips":"36","cx":675.499815,"cy":486.0,"col2":65,"row":27,"hex_neighbors":["3613","3615","3620","3623","3625"]},"geometry":{"type":"Polygon","coordinates":[[[685.459107,480.25],[685.459107,491.75],[675.499815,497.5],[665.540523,491.75],[665.540523,480.25],[675.499815,474.5],[685.459107,480.25]]]}},{"type":"Feature","id":"3623","properties":{"geo_fips":"3623","census_geoid_119":"3623","geo_name":"New York's 23rd","state_abbr":"NY","state_fips":"36","cx":654.715205,"cy":486.0,"col2":63,"row":27,"hex_neighbors":["3614","3615","3622","3626"]},"geometry":{"type":"Polygon","coordinates":[[[664.674497,480.25],[664.674497,491.75],[654.715205,497.5],[644.755913,491.75],[644.755913,480.25],[654.715205,474.5],[664.674497,480.25]]]}},{"type":"Feature","id":"3624","properties":{"geo_fips":"3624","census_geoid_119":"3624","geo_name":"New York's 24th","state_abbr":"NY","state_fips":"36","cx":706.676729,"cy":504.0,"col2":68,"row":28,"hex_neighbors":["3619","3620","3621","3625"]},"geometry":{"type":"Polygon","coordinates":[[[716.636021,498.25],[716.636021,509.75],[706.676729,515.5],[696.717437,509.75],[696.717437,498.25],[706.676729,492.5],[716.636021,498.25]]]}},{"type":"Feature","id":"3625","properties":{"geo_fips":"3625","census_geoid_119":"3625","geo_name":"New York's 25th","state_abbr":"NY","state_fips":"36","cx":685.89212,"cy":504.0,"col2":66,"row":28,"hex_neighbors":["3620","3622","3624"]},"geometry":{"type":"Polygon","coordinates":[[[695.851412,498.25],[695.851412,509.75],[685.89212,515.5],[675.932828,509.75],[675.932828,498.25],[685.89212,492.5],[695.851412,498.25]]]}},{"type":"Feature","id":"3626","properties":{"geo_fips":"3626","census_geoid_119":"3626","geo_name":"New York's 26th","state_abbr":"NY","state_fips":"36","cx":633.930596,"cy":486.0,"col2":61,"row":27,"hex_neighbors":["3614","3616","3623"]},"geometry":{"type":"Polygon","coordinates":[[[643.889888,480.25],[643.889888,491.75],[633.930596,497.5],[623.971304,491.75],[623.971304,480.25],[633.930596,474.5],[643.889888,480.25]]]}},{"type":"Feature","id":"3701","properties":{"geo_fips":"3701","census_geoid_119":"3701","geo_name":"North Carolina's 1st","state_abbr":"NC","state_fips":"37","cx":727.461339,"cy":324.0,"col2":70,"row":18,"hex_neighbors":["3703","3704","3708","3713","5102","5103"]},"geometry":{"type":"Polygon","coordinates":[[[737.420631,318.25],[737.420631,329.75],[727.461339,335.5],[717.502047,329.75],[717.502047,318.25],[727.461339,312.5],[737.420631,318.25]]]}},{"type":"Feature","id":"3702","properties":{"geo_fips":"3702","census_geoid_119":"3702","geo_name":"North Carolina's 2nd","state_abbr":"NC","state_fips":"37","cx":748.245949,"cy":288.0,"col2":72,"row":16,"hex_neighbors":["3707","3708","3709"]},"geometry":{"type":"Polygon","coordinates":[[[758.205241,282.25],[758.205241,293.75],[748.245949,299.5],[738.286657,293.75],[738.286657,282.25],[748.245949,276.5],[758.205241,282.25]]]}},{"type":"Feature","id":"3703","properties":{"geo_fips":"3703","census_geoid_119":"3703","geo_name":"North Carolina's 3rd","state_abbr":"NC","state_fips":"37","cx":748.245949,"cy":324.0,"col2":72,"row":18,"hex_neighbors":["3701","3708","5102"]},"geometry":{"type":"Polygon","coordinates":[[[758.205241,318.25],[758.205241,329.75],[748.245949,335.5],[738.286657,329.75],[738.286657,318.25],[748.245949,312.5],[758.205241,318.25]]]}},{"type":"Feature","id":"3704","properties":{"geo_fips":"3704","census_geoid_119":"3704","geo_name":"North Carolina's 4th","state_abbr":"NC","state_fips":"37","cx":706.676729,"cy":324.0,"col2":68,"row":18,"hex_neighbors":["3701","3706","3712","3713","5103","5104"]},"geometry":{"type":"Polygon","coordinates":[[[716.636021,318.25],[716.636021,329.75],[706.676729,335.5],[696.717437,329.75],[696.717437,318.25],[706.676729,312.5],[716.636021,318.25]]]}},{"type":"Feature","id":"3705","properties":{"geo_fips":"3705","census_geoid_119":"3705","geo_name":"North Carolina's 5th","state_abbr":"NC","state_fips":"37","cx":665.10751,"cy":324.0,"col2":64,"row":18,"hex_neighbors":["3706","3710","3714","4701","5101","5108"]},"geometry":{"type":"Polygon","coordinates":[[[675.066802,318.25],[675.066802,329.75],[665.10751,335.5],[655.148218,329.75],[655.148218,318.25],[665.10751,312.5],[675.066802,318.25]]]}},{"type":"Feature","id":"3706","properties":{"geo_fips":"3706","census_geoid_119":"3706","geo_name":"North Carolina's 6th","state_abbr":"NC","state_fips":"37","cx":685.89212,"cy":324.0,"col2":66,"row":18,"hex_neighbors":["3704","3705","3712","3714","5101","5104"]},"geometry":{"type":"Polygon","coordinates":[[[695.851412,318.25],[695.851412,329.75],[685.89212,335.5],[675.932828,329.75],[675.932828,318.25],[685.89212,312.5],[695.851412,318.25]]]}},{"type":"Feature","id":"3707","properties":{"geo_fips":"3707","census_geoid_119":"3707","geo_name":"North Carolina's 7th","state_abbr":"NC","state_fips":"37","cx":737.853644,"cy":270.0,"col2":71,"row":15,"hex_neighbors":["3702","3709","4501","4507"]},"geometry":{"type":"Polygon","coordinates":[[[747.812936,264.25],[747.812936,275.75],[737.853644,281.5],[727.894352,275.75],[727.894352,264.25],[737.853644,258.5],[747.812936,264.25]]]}},{"type":"Feature","id":"3708","properties":{"geo_fips":"3708","census_geoid_119":"3708","geo_name":"North Carolina's 8th","state_abbr":"NC","state_fips":"37","cx":737.853644,"cy":306.0,"col2":71,"row":17,"hex_neighbors":["3701","3702","3703","3709","3713"]},"geometry":{"type":"Polygon","coordinates":[[[747.812936,300.25],[747.812936,311.75],[737.853644,317.5],[727.894352,311.75],[727.894352,300.25],[737.853644,294.5],[747.812936,300.25]]]}},{"type":"Feature","id":"3709","properties":{"geo_fips":"3709","census_geoid_119":"3709","geo_name":"North Carolina's 9th","state_abbr":"NC","state_fips":"37","cx":727.461339,"cy":288.0,"col2":70,"row":16,"hex_neighbors":["3702","3707","3708","3713","4505","4507"]},"geometry":{"type":"Polygon","coordinates":[[[737.420631,282.25],[737.420631,293.75],[727.461339,299.5],[717.502047,293.75],[717.502047,282.25],[727.461339,276.5],[737.420631,282.25]]]}},{"type":"Feature","id":"3710","properties":{"geo_fips":"3710","census_geoid_119":"3710","geo_name":"North Carolina's 10th","state_abbr":"NC","state_fips":"37","cx":654.715205,"cy":306.0,"col2":63,"row":17,"hex_neighbors":["1309","3705","3711","3714","4503","4701"]},"geometry":{"type":"Polygon","coordinates":[[[664.674497,300.25],[664.674497,311.75],[654.715205,317.5],[644.755913,311.75],[644.755913,300.25],[654.715205,294.5],[664.674497,300.25]]]}},{"type":"Feature","id":"3711","properties":{"geo_fips":"3711","census_geoid_119":"3711","geo_name":"North Carolina's 11th","state_abbr":"NC","state_fips":"37","cx":633.930596,"cy":306.0,"col2":61,"row":17,"hex_neighbors":["1309","1314","3710","4701","4702","4703"]},"geometry":{"type":"Polygon","coordinates":[[[643.889888,300.25],[643.889888,311.75],[633.930596,317.5],[623.971304,311.75],[623.971304,300.25],[633.930596,294.5],[643.889888,300.25]]]}},{"type":"Feature","id":"3712","properties":{"geo_fips":"3712","census_geoid_119":"3712","geo_name":"North Carolina's 12th","state_abbr":"NC","state_fips":"37","cx":696.284425,"cy":306.0,"col2":67,"row":17,"hex_neighbors":["3704","3706","3713","3714","4504","4505"]},"geometry":{"type":"Polygon","coordinates":[[[706.243717,300.25],[706.243717,311.75],[696.284425,317.5],[686.325133,311.75],[686.325133,300.25],[696.284425,294.5],[706.243717,300.25]]]}},{"type":"Feature","id":"3713","properties":{"geo_fips":"3713","census_geoid_119":"3713","geo_name":"North Carolina's 13th","state_abbr":"NC","state_fips":"37","cx":717.069034,"cy":306.0,"col2":69,"row":17,"hex_neighbors":["3701","3704","3708","3709","3712","4505"]},"geometry":{"type":"Polygon","coordinates":[[[727.028326,300.25],[727.028326,311.75],[717.069034,317.5],[707.109742,311.75],[707.109742,300.25],[717.069034,294.5],[727.028326,300.25]]]}},{"type":"Feature","id":"3714","properties":{"geo_fips":"3714","census_geoid_119":"3714","geo_name":"North Carolina's 14th","state_abbr":"NC","state_fips":"37","cx":675.499815,"cy":306.0,"col2":65,"row":17,"hex_neighbors":["3705","3706","3710","3712","4503","4504"]},"geometry":{"type":"Polygon","coordinates":[[[685.459107,300.25],[685.459107,311.75],[675.499815,317.5],[665.540523,311.75],[665.540523,300.25],[675.499815,294.5],[685.459107,300.25]]]}},{"type":"Feature","id":"3801","properties":{"geo_fips":"3801","census_geoid_119":"3800","geo_name":"North Dakota's At-Large","state_abbr":"ND","state_fips":"38","cx":353.338365,"cy":504.0,"col2":34,"row":28,"hex_neighbors":["2707","3001","3002","4601"]},"geometry":{"type":"Polygon","coordinates":[[[363.297657,498.25],[363.297657,509.75],[353.338365,515.5],[343.379073,509.75],[343.379073,498.25],[353.338365,492.5],[363.297657,498.25]]]}},{"type":"Feature","id":"3901","properties":{"geo_fips":"3901","census_geoid_119":"3901","geo_name":"Ohio's 1st","state_abbr":"OH","state_fips":"39","cx":509.222937,"cy":378.0,"col2":49,"row":21,"hex_neighbors":["1805","3902","3904","3908","3910","3915"]},"geometry":{"type":"Polygon","coordinates":[[[519.182229,372.25],[519.182229,383.75],[509.222937,389.5],[499.263645,383.75],[499.263645,372.25],[509.222937,366.5],[519.182229,372.25]]]}},{"type":"Feature","id":"3902","properties":{"geo_fips":"3902","census_geoid_119":"3902","geo_name":"Ohio's 2nd","state_abbr":"OH","state_fips":"39","cx":498.830633,"cy":360.0,"col2":48,"row":20,"hex_neighbors":["1805","1806","1807","2103","3901","3915"]},"geometry":{"type":"Polygon","coordinates":[[[508.789925,354.25],[508.789925,365.75],[498.830633,371.5],[488.871341,365.75],[488.871341,354.25],[498.830633,348.5],[508.789925,354.25]]]}},{"type":"Feature","id":"3903","properties":{"geo_fips":"3903","census_geoid_119":"3903","geo_name":"Ohio's 3rd","state_abbr":"OH","state_fips":"39","cx":550.792157,"cy":378.0,"col2":53,"row":21,"hex_neighbors":["3906","3910","3912","3913","4214","5402"]},"geometry":{"type":"Polygon","coordinates":[[[560.751449,372.25],[560.751449,383.75],[550.792157,389.5],[540.832865,383.75],[540.832865,372.25],[550.792157,366.5],[560.751449,372.25]]]}},{"type":"Feature","id":"3904","properties":{"geo_fips":"3904","census_geoid_119":"3904","geo_name":"Ohio's 4th","state_abbr":"OH","state_fips":"39","cx":519.615242,"cy":396.0,"col2":50,"row":22,"hex_neighbors":["3901","3907","3908","3910","3911","3912"]},"geometry":{"type":"Polygon","coordinates":[[[529.574534,390.25],[529.574534,401.75],[519.615242,407.5],[509.65595,401.75],[509.65595,390.25],[519.615242,384.5],[529.574534,390.25]]]}},{"type":"Feature","id":"3905","properties":{"geo_fips":"3905","census_geoid_119":"3905","geo_name":"Ohio's 5th","state_abbr":"OH","state_fips":"39","cx":488.438328,"cy":414.0,"col2":47,"row":23,"hex_neighbors":["1802","1803","2606","2607","3907","3908"]},"geometry":{"type":"Polygon","coordinates":[[[498.39762,408.25],[498.39762,419.75],[488.438328,425.5],[478.479036,419.75],[478.479036,408.25],[488.438328,402.5],[498.39762,408.25]]]}},{"type":"Feature","id":"3906","properties":{"geo_fips":"3906","census_geoid_119":"3906","geo_name":"Ohio's 6th","state_abbr":"OH","state_fips":"39","cx":540.399852,"cy":360.0,"col2":52,"row":20,"hex_neighbors":["2104","3903","3910","3915","5109","5402"]},"geometry":{"type":"Polygon","coordinates":[[[550.359144,354.25],[550.359144,365.75],[540.399852,371.5],[530.44056,365.75],[530.44056,354.25],[540.399852,348.5],[550.359144,354.25]]]}},{"type":"Feature","id":"3907","properties":{"geo_fips":"3907","census_geoid_119":"3907","geo_name":"Ohio's 7th","state_abbr":"OH","state_fips":"39","cx":509.222937,"cy":414.0,"col2":49,"row":23,"hex_neighbors":["2607","3904","3905","3908","3909","3911"]},"geometry":{"type":"Polygon","coordinates":[[[519.182229,408.25],[519.182229,419.75],[509.222937,425.5],[499.263645,419.75],[499.263645,408.25],[509.222937,402.5],[519.182229,408.25]]]}},{"type":"Feature","id":"3908","properties":{"geo_fips":"3908","census_geoid_119":"3908","geo_name":"Ohio's 8th","state_abbr":"OH","state_fips":"39","cx":498.830633,"cy":396.0,"col2":48,"row":22,"hex_neighbors":["1803","1805","3901","3904","3905","3907"]},"geometry":{"type":"Polygon","coordinates":[[[508.789925,390.25],[508.789925,401.75],[498.830633,407.5],[488.871341,401.75],[488.871341,390.25],[498.830633,384.5],[508.789925,390.25]]]}},{"type":"Feature","id":"3909","properties":{"geo_fips":"3909","census_geoid_119":"3909","geo_name":"Ohio's 9th","state_abbr":"OH","state_fips":"39","cx":519.615242,"cy":432.0,"col2":50,"row":24,"hex_neighbors":["2607","2609","2613","3907","3911"]},"geometry":{"type":"Polygon","coordinates":[[[529.574534,426.25],[529.574534,437.75],[519.615242,443.5],[509.65595,437.75],[509.65595,426.25],[519.615242,420.5],[529.574534,426.25]]]}},{"type":"Feature","id":"3910","properties":{"geo_fips":"3910","census_geoid_119":"3910","geo_name":"Ohio's 10th","state_abbr":"OH","state_fips":"39","cx":530.007547,"cy":378.0,"col2":51,"row":21,"hex_neighbors":["3901","3903","3904","3906","3912","3915"]},"geometry":{"type":"Polygon","coordinates":[[[539.966839,372.25],[539.966839,383.75],[530.007547,389.5],[520.048255,383.75],[520.048255,372.25],[530.007547,366.5],[539.966839,372.25]]]}},{"type":"Feature","id":"3911","properties":{"geo_fips":"3911","census_geoid_119":"3911","geo_name":"Ohio's 11th","state_abbr":"OH","state_fips":"39","cx":530.007547,"cy":414.0,"col2":51,"row":23,"hex_neighbors":["3904","3907","3909","3912","3914"]},"geometry":{"type":"Polygon","coordinates":[[[539.966839,408.25],[539.966839,419.75],[530.007547,425.5],[520.048255,419.75],[520.048255,408.25],[530.007547,402.5],[539.966839,408.25]]]}},{"type":"Feature","id":"3912","properties":{"geo_fips":"3912","census_geoid_119":"3912","geo_name":"Ohio's 12th","state_abbr":"OH","state_fips":"39","cx":540.399852,"cy":396.0,"col2":52,"row":22,"hex_neighbors":["3903","3904","3910","3911","3913","3914"]},"geometry":{"type":"Polygon","coordinates":[[[550.359144,390.25],[550.359144,401.75],[540.399852,407.5],[530.44056,401.75],[530.44056,390.25],[540.399852,384.5],[550.359144,390.25]]]}},{"type":"Feature","id":"3913","properties":{"geo_fips":"3913","census_geoid_119":"3913","geo_name":"Ohio's 13th","state_abbr":"OH","state_fips":"39","cx":561.184462,"cy":396.0,"col2":54,"row":22,"hex_neighbors":["3903","3912","3914","4214","4216","4217"]},"geometry":{"type":"Polygon","coordinates":[[[571.143754,390.25],[571.143754,401.75],[561.184462,407.5],[551.22517,401.75],[551.22517,390.25],[561.184462,384.5],[571.143754,390.25]]]}},{"type":"Feature","id":"3914","properties":{"geo_fips":"3914","census_geoid_119":"3914","geo_name":"Ohio's 14th","state_abbr":"OH","state_fips":"39","cx":550.792157,"cy":414.0,"col2":53,"row":23,"hex_neighbors":["3911","3912","3913","4216"]},"geometry":{"type":"Polygon","coordinates":[[[560.751449,408.25],[560.751449,419.75],[550.792157,425.5],[540.832865,419.75],[540.832865,408.25],[550.792157,402.5],[560.751449,408.25]]]}},{"type":"Feature","id":"3915","properties":{"geo_fips":"3915","census_geoid_119":"3915","geo_name":"Ohio's 15th","state_abbr":"OH","state_fips":"39","cx":519.615242,"cy":360.0,"col2":50,"row":20,"hex_neighbors":["2103","2104","3901","3902","3906","3910"]},"geometry":{"type":"Polygon","coordinates":[[[529.574534,354.25],[529.574534,365.75],[519.615242,371.5],[509.65595,365.75],[509.65595,354.25],[519.615242,348.5],[529.574534,354.25]]]}},{"type":"Feature","id":"4001","properties":{"geo_fips":"4001","census_geoid_119":"4001","geo_name":"Oklahoma's 1st","state_abbr":"OK","state_fips":"40","cx":415.692194,"cy":324.0,"col2":40,"row":18,"hex_neighbors":["2902","2903","4002","4004","4005","4813"]},"geometry":{"type":"Polygon","coordinates":[[[425.651486,318.25],[425.651486,329.75],[415.692194,335.5],[405.732902,329.75],[405.732902,318.25],[415.692194,312.5],[425.651486,318.25]]]}},{"type":"Feature","id":"4002","properties":{"geo_fips":"4002","census_geoid_119":"4002","geo_name":"Oklahoma's 2nd","state_abbr":"OK","state_fips":"40","cx":436.476804,"cy":324.0,"col2":42,"row":18,"hex_neighbors":["0503","2901","2902","2908","4001","4004"]},"geometry":{"type":"Polygon","coordinates":[[[446.436096,318.25],[446.436096,329.75],[436.476804,335.5],[426.517512,329.75],[426.517512,318.25],[436.476804,312.5],[446.436096,318.25]]]}},{"type":"Feature","id":"4003","properties":{"geo_fips":"4003","census_geoid_119":"4003","geo_name":"Oklahoma's 3rd","state_abbr":"OK","state_fips":"40","cx":374.122974,"cy":324.0,"col2":36,"row":18,"hex_neighbors":["0805","0806","2002","2907","4005","4819"]},"geometry":{"type":"Polygon","coordinates":[[[384.082266,318.25],[384.082266,329.75],[374.122974,335.5],[364.163682,329.75],[364.163682,318.25],[374.122974,312.5],[384.082266,318.25]]]}},{"type":"Feature","id":"4004","properties":{"geo_fips":"4004","census_geoid_119":"4004","geo_name":"Oklahoma's 4th","state_abbr":"OK","state_fips":"40","cx":426.084499,"cy":306.0,"col2":41,"row":17,"hex_neighbors":["0503","4001","4002","4812","4813","4826"]},"geometry":{"type":"Polygon","coordinates":[[[436.043791,300.25],[436.043791,311.75],[426.084499,317.5],[416.125207,311.75],[416.125207,300.25],[426.084499,294.5],[436.043791,300.25]]]}},{"type":"Feature","id":"4005","properties":{"geo_fips":"4005","census_geoid_119":"4005","geo_name":"Oklahoma's 5th","state_abbr":"OK","state_fips":"40","cx":394.907584,"cy":324.0,"col2":38,"row":18,"hex_neighbors":["2903","2907","4001","4003","4813","4819"]},"geometry":{"type":"Polygon","coordinates":[[[404.866876,318.25],[404.866876,329.75],[394.907584,335.5],[384.948292,329.75],[384.948292,318.25],[394.907584,312.5],[404.866876,318.25]]]}},{"type":"Feature","id":"4101","properties":{"geo_fips":"4101","census_geoid_119":"4101","geo_name":"Oregon's 1st","state_abbr":"OR","state_fips":"41","cx":218.238402,"cy":486.0,"col2":21,"row":27,"hex_neighbors":["0601","0602","4105","5303"]},"geometry":{"type":"Polygon","coordinates":[[[228.197694,480.25],[228.197694,491.75],[218.238402,497.5],[208.27911,491.75],[208.27911,480.25],[218.238402,474.5],[228.197694,480.25]]]}},{"type":"Feature","id":"4102","properties":{"geo_fips":"4102","census_geoid_119":"4102","geo_name":"Oregon's 2nd","state_abbr":"OR","state_fips":"41","cx":322.16145,"cy":486.0,"col2":31,"row":27,"hex_neighbors":["1601","3001","3002","4103","5308","5601"]},"geometry":{"type":"Polygon","coordinates":[[[332.120742,480.25],[332.120742,491.75],[322.16145,497.5],[312.202158,491.75],[312.202158,480.25],[322.16145,474.5],[332.120742,480.25]]]}},{"type":"Feature","id":"4103","properties":{"geo_fips":"4103","census_geoid_119":"4103","geo_name":"Oregon's 3rd","state_abbr":"OR","state_fips":"41","cx":301.376841,"cy":486.0,"col2":29,"row":27,"hex_neighbors":["1601","1602","4102","4104","5308","5309"]},"geometry":{"type":"Polygon","coordinates":[[[311.336133,480.25],[311.336133,491.75],[301.376841,497.5],[291.417549,491.75],[291.417549,480.25],[301.376841,474.5],[311.336133,480.25]]]}},{"type":"Feature","id":"4104","properties":{"geo_fips":"4104","census_geoid_119":"4104","geo_name":"Oregon's 4th","state_abbr":"OR","state_fips":"41","cx":280.592231,"cy":486.0,"col2":27,"row":27,"hex_neighbors":["1602","3202","4103","4106","5307","5309"]},"geometry":{"type":"Polygon","coordinates":[[[290.551523,480.25],[290.551523,491.75],[280.592231,497.5],[270.632939,491.75],[270.632939,480.25],[280.592231,474.5],[290.551523,480.25]]]}},{"type":"Feature","id":"4105","properties":{"geo_fips":"4105","census_geoid_119":"4105","geo_name":"Oregon's 5th","state_abbr":"OR","state_fips":"41","cx":239.023011,"cy":486.0,"col2":23,"row":27,"hex_neighbors":["0601","0604","4101","4106","5303","5310"]},"geometry":{"type":"Polygon","coordinates":[[[248.982303,480.25],[248.982303,491.75],[239.023011,497.5],[229.063719,491.75],[229.063719,480.25],[239.023011,474.5],[248.982303,480.25]]]}},{"type":"Feature","id":"4106","properties":{"geo_fips":"4106","census_geoid_119":"4106","geo_name":"Oregon's 6th","state_abbr":"OR","state_fips":"41","cx":259.807621,"cy":486.0,"col2":25,"row":27,"hex_neighbors":["0604","3202","4104","4105","5307","5310"]},"geometry":{"type":"Polygon","coordinates":[[[269.766913,480.25],[269.766913,491.75],[259.807621,497.5],[249.848329,491.75],[249.848329,480.25],[259.807621,474.5],[269.766913,480.25]]]}},{"type":"Feature","id":"4201","properties":{"geo_fips":"4201","census_geoid_119":"4201","geo_name":"Pennsylvania's 1st","state_abbr":"PA","state_fips":"42","cx":633.930596,"cy":414.0,"col2":61,"row":23,"hex_neighbors":["3407","3412","4202","4204","4207","4208"]},"geometry":{"type":"Polygon","coordinates":[[[643.889888,408.25],[643.889888,419.75],[633.930596,425.5],[623.971304,419.75],[623.971304,408.25],[633.930596,402.5],[643.889888,408.25]]]}},{"type":"Feature","id":"4202","properties":{"geo_fips":"4202","census_geoid_119":"4202","geo_name":"Pennsylvania's 2nd","state_abbr":"PA","state_fips":"42","cx":644.3229,"cy":396.0,"col2":62,"row":22,"hex_neighbors":["3401","3412","4201","4203","4204","4205"]},"geometry":{"type":"Polygon","coordinates":[[[654.282192,390.25],[654.282192,401.75],[644.3229,407.5],[634.363608,401.75],[634.363608,390.25],[644.3229,384.5],[654.282192,390.25]]]}},{"type":"Feature","id":"4203","properties":{"geo_fips":"4203","census_geoid_119":"4203","geo_name":"Pennsylvania's 3rd","state_abbr":"PA","state_fips":"42","cx":654.715205,"cy":378.0,"col2":63,"row":21,"hex_neighbors":["2403","2406","2407","3401","4202","4205"]},"geometry":{"type":"Polygon","coordinates":[[[664.674497,372.25],[664.674497,383.75],[654.715205,389.5],[644.755913,383.75],[644.755913,372.25],[654.715205,366.5],[664.674497,372.25]]]}},{"type":"Feature","id":"4204","properties":{"geo_fips":"4204","census_geoid_119":"4204","geo_name":"Pennsylvania's 4th","state_abbr":"PA","state_fips":"42","cx":623.538291,"cy":396.0,"col2":60,"row":22,"hex_neighbors":["4201","4202","4205","4206","4207","4210"]},"geometry":{"type":"Polygon","coordinates":[[[633.497583,390.25],[633.497583,401.75],[623.538291,407.5],[613.578999,401.75],[613.578999,390.25],[623.538291,384.5],[633.497583,390.25]]]}},{"type":"Feature","id":"4205","properties":{"geo_fips":"4205","census_geoid_119":"4205","geo_name":"Pennsylvania's 5th","state_abbr":"PA","state_fips":"42","cx":633.930596,"cy":378.0,"col2":61,"row":21,"hex_neighbors":["2407","2408","4202","4203","4204","4206"]},"geometry":{"type":"Polygon","coordinates":[[[643.889888,372.25],[643.889888,383.75],[633.930596,389.5],[623.971304,383.75],[623.971304,372.25],[633.930596,366.5],[643.889888,372.25]]]}},{"type":"Feature","id":"4206","properties":{"geo_fips":"4206","census_geoid_119":"4206","geo_name":"Pennsylvania's 6th","state_abbr":"PA","state_fips":"42","cx":613.145986,"cy":378.0,"col2":59,"row":21,"hex_neighbors":["2408","4204","4205","4210","4211","4213"]},"geometry":{"type":"Polygon","coordinates":[[[623.105278,372.25],[623.105278,383.75],[613.145986,389.5],[603.186694,383.75],[603.186694,372.25],[613.145986,366.5],[623.105278,372.25]]]}},{"type":"Feature","id":"4207","properties":{"geo_fips":"4207","census_geoid_119":"4207","geo_name":"Pennsylvania's 7th","state_abbr":"PA","state_fips":"42","cx":613.145986,"cy":414.0,"col2":59,"row":23,"hex_neighbors":["4201","4204","4208","4209","4210","4212"]},"geometry":{"type":"Polygon","coordinates":[[[623.105278,408.25],[623.105278,419.75],[613.145986,425.5],[603.186694,419.75],[603.186694,408.25],[613.145986,402.5],[623.105278,408.25]]]}},{"type":"Feature","id":"4208","properties":{"geo_fips":"4208","census_geoid_119":"4208","geo_name":"Pennsylvania's 8th","state_abbr":"PA","state_fips":"42","cx":623.538291,"cy":432.0,"col2":60,"row":24,"hex_neighbors":["3407","3607","3609","4201","4207","4212"]},"geometry":{"type":"Polygon","coordinates":[[[633.497583,426.25],[633.497583,437.75],[623.538291,443.5],[613.578999,437.75],[613.578999,426.25],[623.538291,420.5],[633.497583,426.25]]]}},{"type":"Feature","id":"4209","properties":{"geo_fips":"4209","census_geoid_119":"4209","geo_name":"Pennsylvania's 9th","state_abbr":"PA","state_fips":"42","cx":592.361376,"cy":414.0,"col2":57,"row":23,"hex_neighbors":["4207","4210","4212","4215","4216","4217"]},"geometry":{"type":"Polygon","coordinates":[[[602.320668,408.25],[602.320668,419.75],[592.361376,425.5],[582.402084,419.75],[582.402084,408.25],[592.361376,402.5],[602.320668,408.25]]]}},{"type":"Feature","id":"4210","properties":{"geo_fips":"4210","census_geoid_119":"4210","geo_name":"Pennsylvania's 10th","state_abbr":"PA","state_fips":"42","cx":602.753681,"cy":396.0,"col2":58,"row":22,"hex_neighbors":["4204","4206","4207","4209","4213","4217"]},"geometry":{"type":"Polygon","coordinates":[[[612.712973,390.25],[612.712973,401.75],[602.753681,407.5],[592.794389,401.75],[592.794389,390.25],[602.753681,384.5],[612.712973,390.25]]]}},{"type":"Feature","id":"4211","properties":{"geo_fips":"4211","census_geoid_119":"4211","geo_name":"Pennsylvania's 11th","state_abbr":"PA","state_fips":"42","cx":602.753681,"cy":360.0,"col2":58,"row":20,"hex_neighbors":["2408","4206","4213","5107","5110","5401"]},"geometry":{"type":"Polygon","coordinates":[[[612.712973,354.25],[612.712973,365.75],[602.753681,371.5],[592.794389,365.75],[592.794389,354.25],[602.753681,348.5],[612.712973,354.25]]]}},{"type":"Feature","id":"4212","properties":{"geo_fips":"4212","census_geoid_119":"4212","geo_name":"Pennsylvania's 12th","state_abbr":"PA","state_fips":"42","cx":602.753681,"cy":432.0,"col2":58,"row":24,"hex_neighbors":["3609","3611","4207","4208","4209","4215"]},"geometry":{"type":"Polygon","coordinates":[[[612.712973,426.25],[612.712973,437.75],[602.753681,443.5],[592.794389,437.75],[592.794389,426.25],[602.753681,420.5],[612.712973,426.25]]]}},{"type":"Feature","id":"4213","properties":{"geo_fips":"4213","census_geoid_119":"4213","geo_name":"Pennsylvania's 13th","state_abbr":"PA","state_fips":"42","cx":592.361376,"cy":378.0,"col2":57,"row":21,"hex_neighbors":["4206","4210","4211","4214","4217","5401"]},"geometry":{"type":"Polygon","coordinates":[[[602.320668,372.25],[602.320668,383.75],[592.361376,389.5],[582.402084,383.75],[582.402084,372.25],[592.361376,366.5],[602.320668,372.25]]]}},{"type":"Feature","id":"4214","properties":{"geo_fips":"4214","census_geoid_119":"4214","geo_name":"Pennsylvania's 14th","state_abbr":"PA","state_fips":"42","cx":571.576766,"cy":378.0,"col2":55,"row":21,"hex_neighbors":["3903","3913","4213","4217","5401","5402"]},"geometry":{"type":"Polygon","coordinates":[[[581.536058,372.25],[581.536058,383.75],[571.576766,389.5],[561.617474,383.75],[561.617474,372.25],[571.576766,366.5],[581.536058,372.25]]]}},{"type":"Feature","id":"4215","properties":{"geo_fips":"4215","census_geoid_119":"4215","geo_name":"Pennsylvania's 15th","state_abbr":"PA","state_fips":"42","cx":581.969071,"cy":432.0,"col2":56,"row":24,"hex_neighbors":["3611","4209","4212","4216"]},"geometry":{"type":"Polygon","coordinates":[[[591.928363,426.25],[591.928363,437.75],[581.969071,443.5],[572.009779,437.75],[572.009779,426.25],[581.969071,420.5],[591.928363,426.25]]]}},{"type":"Feature","id":"4216","properties":{"geo_fips":"4216","census_geoid_119":"4216","geo_name":"Pennsylvania's 16th","state_abbr":"PA","state_fips":"42","cx":571.576766,"cy":414.0,"col2":55,"row":23,"hex_neighbors":["3913","3914","4209","4215","4217"]},"geometry":{"type":"Polygon","coordinates":[[[581.536058,408.25],[581.536058,419.75],[571.576766,425.5],[561.617474,419.75],[561.617474,408.25],[571.576766,402.5],[581.536058,408.25]]]}},{"type":"Feature","id":"4217","properties":{"geo_fips":"4217","census_geoid_119":"4217","geo_name":"Pennsylvania's 17th","state_abbr":"PA","state_fips":"42","cx":581.969071,"cy":396.0,"col2":56,"row":22,"hex_neighbors":["3913","4209","4210","4213","4214","4216"]},"geometry":{"type":"Polygon","coordinates":[[[591.928363,390.25],[591.928363,401.75],[581.969071,407.5],[572.009779,401.75],[572.009779,390.25],[581.969071,384.5],[591.928363,390.25]]]}},{"type":"Feature","id":"4401","properties":{"geo_fips":"4401","census_geoid_119":"4401","geo_name":"Rhode Island's 1st","state_abbr":"RI","state_fips":"44","cx":789.815168,"cy":468.0,"col2":76,"row":26,"hex_neighbors":["0902","2504","2509","4402"]},"geometry":{"type":"Polygon","coordinates":[[[799.77446,462.25],[799.77446,473.75],[789.815168,479.5],[779.855876,473.75],[779.855876,462.25],[789.815168,456.5],[799.77446,462.25]]]}},{"type":"Feature","id":"4402","properties":{"geo_fips":"4402","census_geoid_119":"4402","geo_name":"Rhode Island's 2nd","state_abbr":"RI","state_fips":"44","cx":779.422863,"cy":450.0,"col2":75,"row":25,"hex_neighbors":["0902","0904","3601","4401"]},"geometry":{"type":"Polygon","coordinates":[[[789.382155,444.25],[789.382155,455.75],[779.422863,461.5],[769.463571,455.75],[769.463571,444.25],[779.422863,438.5],[789.382155,444.25]]]}},{"type":"Feature","id":"4501","properties":{"geo_fips":"4501","census_geoid_119":"4501","geo_name":"South Carolina's 1st","state_abbr":"SC","state_fips":"45","cx":727.461339,"cy":252.0,"col2":70,"row":14,"hex_neighbors":["1301","1304","3707","4507"]},"geometry":{"type":"Polygon","coordinates":[[[737.420631,246.25],[737.420631,257.75],[727.461339,263.5],[717.502047,257.75],[717.502047,246.25],[727.461339,240.5],[737.420631,246.25]]]}},{"type":"Feature","id":"4502","properties":{"geo_fips":"4502","census_geoid_119":"4502","geo_name":"South Carolina's 2nd","state_abbr":"SC","state_fips":"45","cx":675.499815,"cy":270.0,"col2":65,"row":15,"hex_neighbors":["1305","1306","1307","4503","4504","4506"]},"geometry":{"type":"Polygon","coordinates":[[[685.459107,264.25],[685.459107,275.75],[675.499815,281.5],[665.540523,275.75],[665.540523,264.25],[675.499815,258.5],[685.459107,264.25]]]}},{"type":"Feature","id":"4503","properties":{"geo_fips":"4503","census_geoid_119":"4503","geo_name":"South Carolina's 3rd","state_abbr":"SC","state_fips":"45","cx":665.10751,"cy":288.0,"col2":64,"row":16,"hex_neighbors":["1307","1309","3710","3714","4502","4504"]},"geometry":{"type":"Polygon","coordinates":[[[675.066802,282.25],[675.066802,293.75],[665.10751,299.5],[655.148218,293.75],[655.148218,282.25],[665.10751,276.5],[675.066802,282.25]]]}},{"type":"Feature","id":"4504","properties":{"geo_fips":"4504","census_geoid_119":"4504","geo_name":"South Carolina's 4th","state_abbr":"SC","state_fips":"45","cx":685.89212,"cy":288.0,"col2":66,"row":16,"hex_neighbors":["3712","3714","4502","4503","4505","4506"]},"geometry":{"type":"Polygon","coordinates":[[[695.851412,282.25],[695.851412,293.75],[685.89212,299.5],[675.932828,293.75],[675.932828,282.25],[685.89212,276.5],[695.851412,282.25]]]}},{"type":"Feature","id":"4505","properties":{"geo_fips":"4505","census_geoid_119":"4505","geo_name":"South Carolina's 5th","state_abbr":"SC","state_fips":"45","cx":706.676729,"cy":288.0,"col2":68,"row":16,"hex_neighbors":["3709","3712","3713","4504","4506","4507"]},"geometry":{"type":"Polygon","coordinates":[[[716.636021,282.25],[716.636021,293.75],[706.676729,299.5],[696.717437,293.75],[696.717437,282.25],[706.676729,276.5],[716.636021,282.25]]]}},{"type":"Feature","id":"4506","properties":{"geo_fips":"4506","census_geoid_119":"4506","geo_name":"South Carolina's 6th","state_abbr":"SC","state_fips":"45","cx":696.284425,"cy":270.0,"col2":67,"row":15,"hex_neighbors":["1304","1306","4502","4504","4505","4507"]},"geometry":{"type":"Polygon","coordinates":[[[706.243717,264.25],[706.243717,275.75],[696.284425,281.5],[686.325133,275.75],[686.325133,264.25],[696.284425,258.5],[706.243717,264.25]]]}},{"type":"Feature","id":"4507","properties":{"geo_fips":"4507","census_geoid_119":"4507","geo_name":"South Carolina's 7th","state_abbr":"SC","state_fips":"45","cx":717.069034,"cy":270.0,"col2":69,"row":15,"hex_neighbors":["1304","3707","3709","4501","4505","4506"]},"geometry":{"type":"Polygon","coordinates":[[[727.028326,264.25],[727.028326,275.75],[717.069034,281.5],[707.109742,275.75],[707.109742,264.25],[717.069034,258.5],[727.028326,264.25]]]}},{"type":"Feature","id":"4601","properties":{"geo_fips":"4601","census_geoid_119":"4600","geo_name":"South Dakota's At-Large","state_abbr":"SD","state_fips":"46","cx":363.73067,"cy":486.0,"col2":35,"row":27,"hex_neighbors":["1901","2701","2703","2707","3002","3801"]},"geometry":{"type":"Polygon","coordinates":[[[373.689962,480.25],[373.689962,491.75],[363.73067,497.5],[353.771378,491.75],[353.771378,480.25],[363.73067,474.5],[373.689962,480.25]]]}},{"type":"Feature","id":"4701","properties":{"geo_fips":"4701","census_geoid_119":"4701","geo_name":"Tennessee's 1st","state_abbr":"TN","state_fips":"47","cx":644.3229,"cy":324.0,"col2":62,"row":18,"hex_neighbors":["3705","3710","3711","4702","5108","5111"]},"geometry":{"type":"Polygon","coordinates":[[[654.282192,318.25],[654.282192,329.75],[644.3229,335.5],[634.363608,329.75],[634.363608,318.25],[644.3229,312.5],[654.282192,318.25]]]}},{"type":"Feature","id":"4702","properties":{"geo_fips":"4702","census_geoid_119":"4702","geo_name":"Tennessee's 2nd","state_abbr":"TN","state_fips":"47","cx":623.538291,"cy":324.0,"col2":60,"row":18,"hex_neighbors":["3711","4701","4703","4706","5107","5111"]},"geometry":{"type":"Polygon","coordinates":[[[633.497583,318.25],[633.497583,329.75],[623.538291,335.5],[613.578999,329.75],[613.578999,318.25],[623.538291,312.5],[633.497583,318.25]]]}},{"type":"Feature","id":"4703","properties":{"geo_fips":"4703","census_geoid_119":"4703","geo_name":"Tennessee's 3rd","state_abbr":"TN","state_fips":"47","cx":613.145986,"cy":306.0,"col2":59,"row":17,"hex_neighbors":["0105","1314","3711","4702","4704","4706"]},"geometry":{"type":"Polygon","coordinates":[[[623.105278,300.25],[623.105278,311.75],[613.145986,317.5],[603.186694,311.75],[603.186694,300.25],[613.145986,294.5],[623.105278,300.25]]]}},{"type":"Feature","id":"4704","properties":{"geo_fips":"4704","census_geoid_119":"4704","geo_name":"Tennessee's 4th","state_abbr":"TN","state_fips":"47","cx":592.361376,"cy":306.0,"col2":57,"row":17,"hex_neighbors":["0104","0105","4703","4705","4706","4707"]},"geometry":{"type":"Polygon","coordinates":[[[602.320668,300.25],[602.320668,311.75],[592.361376,317.5],[582.402084,311.75],[582.402084,300.25],[592.361376,294.5],[602.320668,300.25]]]}},{"type":"Feature","id":"4705","properties":{"geo_fips":"4705","census_geoid_119":"4705","geo_name":"Tennessee's 5th","state_abbr":"TN","state_fips":"47","cx":581.969071,"cy":324.0,"col2":56,"row":18,"hex_neighbors":["4704","4706","4707","5105","5106","5110"]},"geometry":{"type":"Polygon","coordinates":[[[591.928363,318.25],[591.928363,329.75],[581.969071,335.5],[572.009779,329.75],[572.009779,318.25],[581.969071,312.5],[591.928363,318.25]]]}},{"type":"Feature","id":"4706","properties":{"geo_fips":"4706","census_geoid_119":"4706","geo_name":"Tennessee's 6th","state_abbr":"TN","state_fips":"47","cx":602.753681,"cy":324.0,"col2":58,"row":18,"hex_neighbors":["4702","4703","4704","4705","5107","5110"]},"geometry":{"type":"Polygon","coordinates":[[[612.712973,318.25],[612.712973,329.75],[602.753681,335.5],[592.794389,329.75],[592.794389,318.25],[602.753681,312.5],[612.712973,318.25]]]}},{"type":"Feature","id":"4707","properties":{"geo_fips":"4707","census_geoid_119":"4707","geo_name":"Tennessee's 7th","state_abbr":"TN","state_fips":"47","cx":571.576766,"cy":306.0,"col2":55,"row":17,"hex_neighbors":["0104","2801","4704","4705","4708","5105"]},"geometry":{"type":"Polygon","coordinates":[[[581.536058,300.25],[581.536058,311.75],[571.576766,317.5],[561.617474,311.75],[561.617474,300.25],[571.576766,294.5],[581.536058,300.25]]]}},{"type":"Feature","id":"4708","properties":{"geo_fips":"4708","census_geoid_119":"4708","geo_name":"Tennessee's 8th","state_abbr":"TN","state_fips":"47","cx":550.792157,"cy":306.0,"col2":53,"row":17,"hex_neighbors":["2105","2801","2802","4707","4709","5105"]},"geometry":{"type":"Polygon","coordinates":[[[560.751449,300.25],[560.751449,311.75],[550.792157,317.5],[540.832865,311.75],[540.832865,300.25],[550.792157,294.5],[560.751449,300.25]]]}},{"type":"Feature","id":"4709","properties":{"geo_fips":"4709","census_geoid_119":"4709","geo_name":"Tennessee's 9th","state_abbr":"TN","state_fips":"47","cx":530.007547,"cy":306.0,"col2":51,"row":17,"hex_neighbors":["0501","2105","2106","2204","2802","4708"]},"geometry":{"type":"Polygon","coordinates":[[[539.966839,300.25],[539.966839,311.75],[530.007547,317.5],[520.048255,311.75],[520.048255,300.25],[530.007547,294.5],[539.966839,300.25]]]}},{"type":"Feature","id":"4801","properties":{"geo_fips":"4801","census_geoid_119":"4801","geo_name":"Texas's 1st","state_abbr":"TX","state_fips":"48","cx":509.222937,"cy":270.0,"col2":49,"row":15,"hex_neighbors":["2203","2204","2205","4804","4805","4836"]},"geometry":{"type":"Polygon","coordinates":[[[519.182229,264.25],[519.182229,275.75],[509.222937,281.5],[499.263645,275.75],[499.263645,264.25],[509.222937,258.5],[519.182229,264.25]]]}},{"type":"Feature","id":"4802","properties":{"geo_fips":"4802","census_geoid_119":"4802","geo_name":"Texas's 2nd","state_abbr":"TX","state_fips":"48","cx":488.438328,"cy":234.0,"col2":47,"row":13,"hex_neighbors":["4808","4816","4818","4836","4837","4838"]},"geometry":{"type":"Polygon","coordinates":[[[498.39762,228.25],[498.39762,239.75],[488.438328,245.5],[478.479036,239.75],[478.479036,228.25],[488.438328,222.5],[498.39762,228.25]]]}},{"type":"Feature","id":"4803","properties":{"geo_fips":"4803","census_geoid_119":"4803","geo_name":"Texas's 3rd","state_abbr":"TX","state_fips":"48","cx":478.046023,"cy":288.0,"col2":46,"row":16,"hex_neighbors":["0502","0504","4804","4805","4824","4832"]},"geometry":{"type":"Polygon","coordinates":[[[488.005315,282.25],[488.005315,293.75],[478.046023,299.5],[468.086731,293.75],[468.086731,282.25],[478.046023,276.5],[488.005315,282.25]]]}},{"type":"Feature","id":"4804","properties":{"geo_fips":"4804","census_geoid_119":"4804","geo_name":"Texas's 4th","state_abbr":"TX","state_fips":"48","cx":498.830633,"cy":288.0,"col2":48,"row":16,"hex_neighbors":["0501","0502","2204","4801","4803","4805"]},"geometry":{"type":"Polygon","coordinates":[[[508.789925,282.25],[508.789925,293.75],[498.830633,299.5],[488.871341,293.75],[488.871341,282.25],[498.830633,276.5],[508.789925,282.25]]]}},{"type":"Feature","id":"4805","properties":{"geo_fips":"4805","census_geoid_119":"4805","geo_name":"Texas's 5th","state_abbr":"TX","state_fips":"48","cx":488.438328,"cy":270.0,"col2":47,"row":15,"hex_neighbors":["4801","4803","4804","4832","4836","4838"]},"geometry":{"type":"Polygon","coordinates":[[[498.39762,264.25],[498.39762,275.75],[488.438328,281.5],[478.479036,275.75],[478.479036,264.25],[488.438328,258.5],[498.39762,264.25]]]}},{"type":"Feature","id":"4806","properties":{"geo_fips":"4806","census_geoid_119":"4806","geo_name":"Texas's 6th","state_abbr":"TX","state_fips":"48","cx":405.299889,"cy":270.0,"col2":39,"row":15,"hex_neighbors":["3501","3503","4811","4812","4825","4833"]},"geometry":{"type":"Polygon","coordinates":[[[415.259181,264.25],[415.259181,275.75],[405.299889,281.5],[395.340597,275.75],[395.340597,264.25],[405.299889,258.5],[415.259181,264.25]]]}},{"type":"Feature","id":"4807","properties":{"geo_fips":"4807","census_geoid_119":"4807","geo_name":"Texas's 7th","state_abbr":"TX","state_fips":"48","cx":467.653718,"cy":198.0,"col2":45,"row":11,"hex_neighbors":["4810","4815","4822","4837"]},"geometry":{"type":"Polygon","coordinates":[[[477.61301,192.25],[477.61301,203.75],[467.653718,209.5],[457.694426,203.75],[457.694426,192.25],[467.653718,186.5],[477.61301,192.25]]]}},{"type":"Feature","id":"4808","properties":{"geo_fips":"4808","census_geoid_119":"4808","geo_name":"Texas's 8th","state_abbr":"TX","state_fips":"48","cx":467.653718,"cy":234.0,"col2":45,"row":13,"hex_neighbors":["4802","4810","4817","4835","4837","4838"]},"geometry":{"type":"Polygon","coordinates":[[[477.61301,228.25],[477.61301,239.75],[467.653718,245.5],[457.694426,239.75],[457.694426,228.25],[467.653718,222.5],[477.61301,228.25]]]}},{"type":"Feature","id":"4809","properties":{"geo_fips":"4809","census_geoid_119":"4809","geo_name":"Texas's 9th","state_abbr":"TX","state_fips":"48","cx":509.222937,"cy":198.0,"col2":49,"row":11,"hex_neighbors":["4818","4822","4827","4829"]},"geometry":{"type":"Polygon","coordinates":[[[519.182229,192.25],[519.182229,203.75],[509.222937,209.5],[499.263645,203.75],[499.263645,192.25],[509.222937,186.5],[519.182229,192.25]]]}},{"type":"Feature","id":"4810","properties":{"geo_fips":"4810","census_geoid_119":"4810","geo_name":"Texas's 10th","state_abbr":"TX","state_fips":"48","cx":457.261413,"cy":216.0,"col2":44,"row":12,"hex_neighbors":["4807","4808","4815","4820","4835","4837"]},"geometry":{"type":"Polygon","coordinates":[[[467.220705,210.25],[467.220705,221.75],[457.261413,227.5],[447.302121,221.75],[447.302121,210.25],[457.261413,204.5],[467.220705,210.25]]]}},{"type":"Feature","id":"4811","properties":{"geo_fips":"4811","census_geoid_119":"4811","geo_name":"Texas's 11th","state_abbr":"TX","state_fips":"48","cx":394.907584,"cy":288.0,"col2":38,"row":16,"hex_neighbors":["0804","3503","4806","4812","4813","4819"]},"geometry":{"type":"Polygon","coordinates":[[[404.866876,282.25],[404.866876,293.75],[394.907584,299.5],[384.948292,293.75],[384.948292,282.25],[394.907584,276.5],[404.866876,282.25]]]}},{"type":"Feature","id":"4812","properties":{"geo_fips":"4812","census_geoid_119":"4812","geo_name":"Texas's 12th","state_abbr":"TX","state_fips":"48","cx":415.692194,"cy":288.0,"col2":40,"row":16,"hex_neighbors":["4004","4806","4811","4813","4826","4833"]},"geometry":{"type":"Polygon","coordinates":[[[425.651486,282.25],[425.651486,293.75],[415.692194,299.5],[405.732902,293.75],[405.732902,282.25],[415.692194,276.5],[425.651486,282.25]]]}},{"type":"Feature","id":"4813","properties":{"geo_fips":"4813","census_geoid_119":"4813","geo_name":"Texas's 13th","state_abbr":"TX","state_fips":"48","cx":405.299889,"cy":306.0,"col2":39,"row":17,"hex_neighbors":["4001","4004","4005","4811","4812","4819"]},"geometry":{"type":"Polygon","coordinates":[[[415.259181,300.25],[415.259181,311.75],[405.299889,317.5],[395.340597,311.75],[395.340597,300.25],[405.299889,294.5],[415.259181,300.25]]]}},{"type":"Feature","id":"4814","properties":{"geo_fips":"4814","census_geoid_119":"4814","geo_name":"Texas's 14th","state_abbr":"TX","state_fips":"48","cx":509.222937,"cy":162.0,"col2":49,"row":9,"hex_neighbors":["4827"]},"geometry":{"type":"Polygon","coordinates":[[[519.182229,156.25],[519.182229,167.75],[509.222937,173.5],[499.263645,167.75],[499.263645,156.25],[509.222937,150.5],[519.182229,156.25]]]}},{"type":"Feature","id":"4815","properties":{"geo_fips":"4815","census_geoid_119":"4815","geo_name":"Texas's 15th","state_abbr":"TX","state_fips":"48","cx":446.869108,"cy":198.0,"col2":43,"row":11,"hex_neighbors":["4807","4810","4820","4828","4834"]},"geometry":{"type":"Polygon","coordinates":[[[456.8284,192.25],[456.8284,203.75],[446.869108,209.5],[436.909816,203.75],[436.909816,192.25],[446.869108,186.5],[456.8284,192.25]]]}},{"type":"Feature","id":"4816","properties":{"geo_fips":"4816","census_geoid_119":"4816","geo_name":"Texas's 16th","state_abbr":"TX","state_fips":"48","cx":509.222937,"cy":234.0,"col2":49,"row":13,"hex_neighbors":["2202","2203","4802","4818","4829","4836"]},"geometry":{"type":"Polygon","coordinates":[[[519.182229,228.25],[519.182229,239.75],[509.222937,245.5],[499.263645,239.75],[499.263645,228.25],[509.222937,222.5],[519.182229,228.25]]]}},{"type":"Feature","id":"4817","properties":{"geo_fips":"4817","census_geoid_119":"4817","geo_name":"Texas's 17th","state_abbr":"TX","state_fips":"48","cx":457.261413,"cy":252.0,"col2":44,"row":14,"hex_neighbors":["4808","4830","4831","4832","4835","4838"]},"geometry":{"type":"Polygon","coordinates":[[[467.220705,246.25],[467.220705,257.75],[457.261413,263.5],[447.302121,257.75],[447.302121,246.25],[457.261413,240.5],[467.220705,246.25]]]}},{"type":"Feature","id":"4818","properties":{"geo_fips":"4818","census_geoid_119":"4818","geo_name":"Texas's 18th","state_abbr":"TX","state_fips":"48","cx":498.830633,"cy":216.0,"col2":48,"row":12,"hex_neighbors":["4802","4809","4816","4822","4829","4837"]},"geometry":{"type":"Polygon","coordinates":[[[508.789925,210.25],[508.789925,221.75],[498.830633,227.5],[488.871341,221.75],[488.871341,210.25],[498.830633,204.5],[508.789925,210.25]]]}},{"type":"Feature","id":"4819","properties":{"geo_fips":"4819","census_geoid_119":"4819","geo_name":"Texas's 19th","state_abbr":"TX","state_fips":"48","cx":384.515279,"cy":306.0,"col2":37,"row":17,"hex_neighbors":["0804","0805","4003","4005","4811","4813"]},"geometry":{"type":"Polygon","coordinates":[[[394.474571,300.25],[394.474571,311.75],[384.515279,317.5],[374.555987,311.75],[374.555987,300.25],[384.515279,294.5],[394.474571,300.25]]]}},{"type":"Feature","id":"4820","properties":{"geo_fips":"4820","census_geoid_119":"4820","geo_name":"Texas's 20th","state_abbr":"TX","state_fips":"48","cx":436.476804,"cy":216.0,"col2":42,"row":12,"hex_neighbors":["4810","4815","4821","4823","4828","4835"]},"geometry":{"type":"Polygon","coordinates":[[[446.436096,210.25],[446.436096,221.75],[436.476804,227.5],[426.517512,221.75],[426.517512,210.25],[436.476804,204.5],[446.436096,210.25]]]}},{"type":"Feature","id":"4821","properties":{"geo_fips":"4821","census_geoid_119":"4821","geo_name":"Texas's 21st","state_abbr":"TX","state_fips":"48","cx":426.084499,"cy":234.0,"col2":41,"row":13,"hex_neighbors":["3502","4820","4823","4825","4831","4835"]},"geometry":{"type":"Polygon","coordinates":[[[436.043791,228.25],[436.043791,239.75],[426.084499,245.5],[416.125207,239.75],[416.125207,228.25],[426.084499,222.5],[436.043791,228.25]]]}},{"type":"Feature","id":"4822","properties":{"geo_fips":"4822","census_geoid_119":"4822","geo_name":"Texas's 22nd","state_abbr":"TX","state_fips":"48","cx":488.438328,"cy":198.0,"col2":47,"row":11,"hex_neighbors":["4807","4809","4818","4827","4837"]},"geometry":{"type":"Polygon","coordinates":[[[498.39762,192.25],[498.39762,203.75],[488.438328,209.5],[478.479036,203.75],[478.479036,192.25],[488.438328,186.5],[498.39762,192.25]]]}},{"type":"Feature","id":"4823","properties":{"geo_fips":"4823","census_geoid_119":"4823","geo_name":"Texas's 23rd","state_abbr":"TX","state_fips":"48","cx":415.692194,"cy":216.0,"col2":40,"row":12,"hex_neighbors":["3502","4820","4821","4828"]},"geometry":{"type":"Polygon","coordinates":[[[425.651486,210.25],[425.651486,221.75],[415.692194,227.5],[405.732902,221.75],[405.732902,210.25],[415.692194,204.5],[425.651486,210.25]]]}},{"type":"Feature","id":"4824","properties":{"geo_fips":"4824","census_geoid_119":"4824","geo_name":"Texas's 24th","state_abbr":"TX","state_fips":"48","cx":457.261413,"cy":288.0,"col2":44,"row":16,"hex_neighbors":["0503","0504","4803","4826","4830","4832"]},"geometry":{"type":"Polygon","coordinates":[[[467.220705,282.25],[467.220705,293.75],[457.261413,299.5],[447.302121,293.75],[447.302121,282.25],[457.261413,276.5],[467.220705,282.25]]]}},{"type":"Feature","id":"4825","properties":{"geo_fips":"4825","census_geoid_119":"4825","geo_name":"Texas's 25th","state_abbr":"TX","state_fips":"48","cx":415.692194,"cy":252.0,"col2":40,"row":14,"hex_neighbors":["3501","3502","4806","4821","4831","4833"]},"geometry":{"type":"Polygon","coordinates":[[[425.651486,246.25],[425.651486,257.75],[415.692194,263.5],[405.732902,257.75],[405.732902,246.25],[415.692194,240.5],[425.651486,246.25]]]}},{"type":"Feature","id":"4826","properties":{"geo_fips":"4826","census_geoid_119":"4826","geo_name":"Texas's 26th","state_abbr":"TX","state_fips":"48","cx":436.476804,"cy":288.0,"col2":42,"row":16,"hex_neighbors":["0503","4004","4812","4824","4830","4833"]},"geometry":{"type":"Polygon","coordinates":[[[446.436096,282.25],[446.436096,293.75],[436.476804,299.5],[426.517512,293.75],[426.517512,282.25],[436.476804,276.5],[446.436096,282.25]]]}},{"type":"Feature","id":"4827","properties":{"geo_fips":"4827","census_geoid_119":"4827","geo_name":"Texas's 27th","state_abbr":"TX","state_fips":"48","cx":498.830633,"cy":180.0,"col2":48,"row":10,"hex_neighbors":["4809","4814","4822"]},"geometry":{"type":"Polygon","coordinates":[[[508.789925,174.25],[508.789925,185.75],[498.830633,191.5],[488.871341,185.75],[488.871341,174.25],[498.830633,168.5],[508.789925,174.25]]]}},{"type":"Feature","id":"4828","properties":{"geo_fips":"4828","census_geoid_119":"4828","geo_name":"Texas's 28th","state_abbr":"TX","state_fips":"48","cx":426.084499,"cy":198.0,"col2":41,"row":11,"hex_neighbors":["4815","4820","4823","4834"]},"geometry":{"type":"Polygon","coordinates":[[[436.043791,192.25],[436.043791,203.75],[426.084499,209.5],[416.125207,203.75],[416.125207,192.25],[426.084499,186.5],[436.043791,192.25]]]}},{"type":"Feature","id":"4829","properties":{"geo_fips":"4829","census_geoid_119":"4829","geo_name":"Texas's 29th","state_abbr":"TX","state_fips":"48","cx":519.615242,"cy":216.0,"col2":50,"row":12,"hex_neighbors":["2202","4809","4816","4818"]},"geometry":{"type":"Polygon","coordinates":[[[529.574534,210.25],[529.574534,221.75],[519.615242,227.5],[509.65595,221.75],[509.65595,210.25],[519.615242,204.5],[529.574534,210.25]]]}},{"type":"Feature","id":"4830","properties":{"geo_fips":"4830","census_geoid_119":"4830","geo_name":"Texas's 30th","state_abbr":"TX","state_fips":"48","cx":446.869108,"cy":270.0,"col2":43,"row":15,"hex_neighbors":["4817","4824","4826","4831","4832","4833"]},"geometry":{"type":"Polygon","coordinates":[[[456.8284,264.25],[456.8284,275.75],[446.869108,281.5],[436.909816,275.75],[436.909816,264.25],[446.869108,258.5],[456.8284,264.25]]]}},{"type":"Feature","id":"4831","properties":{"geo_fips":"4831","census_geoid_119":"4831","geo_name":"Texas's 31st","state_abbr":"TX","state_fips":"48","cx":436.476804,"cy":252.0,"col2":42,"row":14,"hex_neighbors":["4817","4821","4825","4830","4833","4835"]},"geometry":{"type":"Polygon","coordinates":[[[446.436096,246.25],[446.436096,257.75],[436.476804,263.5],[426.517512,257.75],[426.517512,246.25],[436.476804,240.5],[446.436096,246.25]]]}},{"type":"Feature","id":"4832","properties":{"geo_fips":"4832","census_geoid_119":"4832","geo_name":"Texas's 32nd","state_abbr":"TX","state_fips":"48","cx":467.653718,"cy":270.0,"col2":45,"row":15,"hex_neighbors":["4803","4805","4817","4824","4830","4838"]},"geometry":{"type":"Polygon","coordinates":[[[477.61301,264.25],[477.61301,275.75],[467.653718,281.5],[457.694426,275.75],[457.694426,264.25],[467.653718,258.5],[477.61301,264.25]]]}},{"type":"Feature","id":"4833","properties":{"geo_fips":"4833","census_geoid_119":"4833","geo_name":"Texas's 33rd","state_abbr":"TX","state_fips":"48","cx":426.084499,"cy":270.0,"col2":41,"row":15,"hex_neighbors":["4806","4812","4825","4826","4830","4831"]},"geometry":{"type":"Polygon","coordinates":[[[436.043791,264.25],[436.043791,275.75],[426.084499,281.5],[416.125207,275.75],[416.125207,264.25],[426.084499,258.5],[436.043791,264.25]]]}},{"type":"Feature","id":"4834","properties":{"geo_fips":"4834","census_geoid_119":"4834","geo_name":"Texas's 34th","state_abbr":"TX","state_fips":"48","cx":436.476804,"cy":180.0,"col2":42,"row":10,"hex_neighbors":["4815","4828"]},"geometry":{"type":"Polygon","coordinates":[[[446.436096,174.25],[446.436096,185.75],[436.476804,191.5],[426.517512,185.75],[426.517512,174.25],[436.476804,168.5],[446.436096,174.25]]]}},{"type":"Feature","id":"4835","properties":{"geo_fips":"4835","census_geoid_119":"4835","geo_name":"Texas's 35th","state_abbr":"TX","state_fips":"48","cx":446.869108,"cy":234.0,"col2":43,"row":13,"hex_neighbors":["4808","4810","4817","4820","4821","4831"]},"geometry":{"type":"Polygon","coordinates":[[[456.8284,228.25],[456.8284,239.75],[446.869108,245.5],[436.909816,239.75],[436.909816,228.25],[446.869108,222.5],[456.8284,228.25]]]}},{"type":"Feature","id":"4836","properties":{"geo_fips":"4836","census_geoid_119":"4836","geo_name":"Texas's 36th","state_abbr":"TX","state_fips":"48","cx":498.830633,"cy":252.0,"col2":48,"row":14,"hex_neighbors":["2203","4801","4802","4805","4816","4838"]},"geometry":{"type":"Polygon","coordinates":[[[508.789925,246.25],[508.789925,257.75],[498.830633,263.5],[488.871341,257.75],[488.871341,246.25],[498.830633,240.5],[508.789925,246.25]]]}},{"type":"Feature","id":"4837","properties":{"geo_fips":"4837","census_geoid_119":"4837","geo_name":"Texas's 37th","state_abbr":"TX","state_fips":"48","cx":478.046023,"cy":216.0,"col2":46,"row":12,"hex_neighbors":["4802","4807","4808","4810","4818","4822"]},"geometry":{"type":"Polygon","coordinates":[[[488.005315,210.25],[488.005315,221.75],[478.046023,227.5],[468.086731,221.75],[468.086731,210.25],[478.046023,204.5],[488.005315,210.25]]]}},{"type":"Feature","id":"4838","properties":{"geo_fips":"4838","census_geoid_119":"4838","geo_name":"Texas's 38th","state_abbr":"TX","state_fips":"48","cx":478.046023,"cy":252.0,"col2":46,"row":14,"hex_neighbors":["4802","4805","4808","4817","4832","4836"]},"geometry":{"type":"Polygon","coordinates":[[[488.005315,246.25],[488.005315,257.75],[478.046023,263.5],[468.086731,257.75],[468.086731,246.25],[478.046023,240.5],[488.005315,246.25]]]}},{"type":"Feature","id":"4901","properties":{"geo_fips":"4901","census_geoid_119":"4901","geo_name":"Utah's 1st","state_abbr":"UT","state_fips":"49","cx":301.376841,"cy":450.0,"col2":29,"row":25,"hex_neighbors":["1601","1602","3201","3204","4903","4904"]},"geometry":{"type":"Polygon","coordinates":[[[311.336133,444.25],[311.336133,455.75],[301.376841,461.5],[291.417549,455.75],[291.417549,444.25],[301.376841,438.5],[311.336133,444.25]]]}},{"type":"Feature","id":"4902","properties":{"geo_fips":"4902","census_geoid_119":"4902","geo_name":"Utah's 2nd","state_abbr":"UT","state_fips":"49","cx":301.376841,"cy":414.0,"col2":29,"row":23,"hex_neighbors":["0404","0802","0803","3201","3203","4904"]},"geometry":{"type":"Polygon","coordinates":[[[311.336133,408.25],[311.336133,419.75],[301.376841,425.5],[291.417549,419.75],[291.417549,408.25],[301.376841,402.5],[311.336133,408.25]]]}},{"type":"Feature","id":"4903","properties":{"geo_fips":"4903","census_geoid_119":"4903","geo_name":"Utah's 3rd","state_abbr":"UT","state_fips":"49","cx":322.16145,"cy":450.0,"col2":31,"row":25,"hex_neighbors":["1601","1904","3103","4901","4904","5601"]},"geometry":{"type":"Polygon","coordinates":[[[332.120742,444.25],[332.120742,455.75],[322.16145,461.5],[312.202158,455.75],[312.202158,444.25],[322.16145,438.5],[332.120742,444.25]]]}},{"type":"Feature","id":"4904","properties":{"geo_fips":"4904","census_geoid_119":"4904","geo_name":"Utah's 4th","state_abbr":"UT","state_fips":"49","cx":311.769145,"cy":432.0,"col2":30,"row":24,"hex_neighbors":["0802","3103","3201","4901","4902","4903"]},"geometry":{"type":"Polygon","coordinates":[[[321.728437,426.25],[321.728437,437.75],[311.769145,443.5],[301.809853,437.75],[301.809853,426.25],[311.769145,420.5],[321.728437,426.25]]]}},{"type":"Feature","id":"5001","properties":{"geo_fips":"5001","census_geoid_119":"5000","geo_name":"Vermont's At-Large","state_abbr":"VT","state_fips":"50","cx":748.245949,"cy":504.0,"col2":72,"row":28,"hex_neighbors":["0901","0905","3302","3621"]},"geometry":{"type":"Polygon","coordinates":[[[758.205241,498.25],[758.205241,509.75],[748.245949,515.5],[738.286657,509.75],[738.286657,498.25],[748.245949,492.5],[758.205241,498.25]]]}},{"type":"Feature","id":"5101","properties":{"geo_fips":"5101","census_geoid_119":"5101","geo_name":"Virginia's 1st","state_abbr":"VA","state_fips":"51","cx":675.499815,"cy":342.0,"col2":65,"row":19,"hex_neighbors":["2402","2403","3705","3706","5104","5108"]},"geometry":{"type":"Polygon","coordinates":[[[685.459107,336.25],[685.459107,347.75],[675.499815,353.5],[665.540523,347.75],[665.540523,336.25],[675.499815,330.5],[685.459107,336.25]]]}},{"type":"Feature","id":"5102","properties":{"geo_fips":"5102","census_geoid_119":"5102","geo_name":"Virginia's 2nd","state_abbr":"VA","state_fips":"51","cx":737.853644,"cy":342.0,"col2":71,"row":19,"hex_neighbors":["2405","3701","3703","5103"]},"geometry":{"type":"Polygon","coordinates":[[[747.812936,336.25],[747.812936,347.75],[737.853644,353.5],[727.894352,347.75],[727.894352,336.25],[737.853644,330.5],[747.812936,336.25]]]}},{"type":"Feature","id":"5103","properties":{"geo_fips":"5103","census_geoid_119":"5103","geo_name":"Virginia's 3rd","state_abbr":"VA","state_fips":"51","cx":717.069034,"cy":342.0,"col2":69,"row":19,"hex_neighbors":["2404","2405","3701","3704","5102","5104"]},"geometry":{"type":"Polygon","coordinates":[[[727.028326,336.25],[727.028326,347.75],[717.069034,353.5],[707.109742,347.75],[707.109742,336.25],[717.069034,330.5],[727.028326,336.25]]]}},{"type":"Feature","id":"5104","properties":{"geo_fips":"5104","census_geoid_119":"5104","geo_name":"Virginia's 4th","state_abbr":"VA","state_fips":"51","cx":696.284425,"cy":342.0,"col2":67,"row":19,"hex_neighbors":["2402","2404","3704","3706","5101","5103"]},"geometry":{"type":"Polygon","coordinates":[[[706.243717,336.25],[706.243717,347.75],[696.284425,353.5],[686.325133,347.75],[686.325133,336.25],[696.284425,330.5],[706.243717,336.25]]]}},{"type":"Feature","id":"5105","properties":{"geo_fips":"5105","census_geoid_119":"5105","geo_name":"Virginia's 5th","state_abbr":"VA","state_fips":"51","cx":561.184462,"cy":324.0,"col2":54,"row":18,"hex_neighbors":["2105","4705","4707","4708","5106","5109"]},"geometry":{"type":"Polygon","coordinates":[[[571.143754,318.25],[571.143754,329.75],[561.184462,335.5],[551.22517,329.75],[551.22517,318.25],[561.184462,312.5],[571.143754,318.25]]]}},{"type":"Feature","id":"5106","properties":{"geo_fips":"5106","census_geoid_119":"5106","geo_name":"Virginia's 6th","state_abbr":"VA","state_fips":"51","cx":571.576766,"cy":342.0,"col2":55,"row":19,"hex_neighbors":["4705","5105","5109","5110","5401","5402"]},"geometry":{"type":"Polygon","coordinates":[[[581.536058,336.25],[581.536058,347.75],[571.576766,353.5],[561.617474,347.75],[561.617474,336.25],[571.576766,330.5],[581.536058,336.25]]]}},{"type":"Feature","id":"5107","properties":{"geo_fips":"5107","census_geoid_119":"5107","geo_name":"Virginia's 7th","state_abbr":"VA","state_fips":"51","cx":613.145986,"cy":342.0,"col2":59,"row":19,"hex_neighbors":["2408","4211","4702","4706","5110","5111"]},"geometry":{"type":"Polygon","coordinates":[[[623.105278,336.25],[623.105278,347.75],[613.145986,353.5],[603.186694,347.75],[603.186694,336.25],[613.145986,330.5],[623.105278,336.25]]]}},{"type":"Feature","id":"5108","properties":{"geo_fips":"5108","census_geoid_119":"5108","geo_name":"Virginia's 8th","state_abbr":"VA","state_fips":"51","cx":654.715205,"cy":342.0,"col2":63,"row":19,"hex_neighbors":["2403","2407","3705","4701","5101","5111"]},"geometry":{"type":"Polygon","coordinates":[[[664.674497,336.25],[664.674497,347.75],[654.715205,353.5],[644.755913,347.75],[644.755913,336.25],[654.715205,330.5],[664.674497,336.25]]]}},{"type":"Feature","id":"5109","properties":{"geo_fips":"5109","census_geoid_119":"5109","geo_name":"Virginia's 9th","state_abbr":"VA","state_fips":"51","cx":550.792157,"cy":342.0,"col2":53,"row":19,"hex_neighbors":["2104","2105","3906","5105","5106","5402"]},"geometry":{"type":"Polygon","coordinates":[[[560.751449,336.25],[560.751449,347.75],[550.792157,353.5],[540.832865,347.75],[540.832865,336.25],[550.792157,330.5],[560.751449,336.25]]]}},{"type":"Feature","id":"5110","properties":{"geo_fips":"5110","census_geoid_119":"5110","geo_name":"Virginia's 10th","state_abbr":"VA","state_fips":"51","cx":592.361376,"cy":342.0,"col2":57,"row":19,"hex_neighbors":["4211","4705","4706","5106","5107","5401"]},"geometry":{"type":"Polygon","coordinates":[[[602.320668,336.25],[602.320668,347.75],[592.361376,353.5],[582.402084,347.75],[582.402084,336.25],[592.361376,330.5],[602.320668,336.25]]]}},{"type":"Feature","id":"5111","properties":{"geo_fips":"5111","census_geoid_119":"5111","geo_name":"Virginia's 11th","state_abbr":"VA","state_fips":"51","cx":633.930596,"cy":342.0,"col2":61,"row":19,"hex_neighbors":["2407","2408","4701","4702","5107","5108"]},"geometry":{"type":"Polygon","coordinates":[[[643.889888,336.25],[643.889888,347.75],[633.930596,353.5],[623.971304,347.75],[623.971304,336.25],[633.930596,330.5],[643.889888,336.25]]]}},{"type":"Feature","id":"5301","properties":{"geo_fips":"5301","census_geoid_119":"5301","geo_name":"Washington's 1st","state_abbr":"WA","state_fips":"53","cx":280.592231,"cy":522.0,"col2":27,"row":29,"hex_neighbors":["5302","5304","5307","5309"]},"geometry":{"type":"Polygon","coordinates":[[[290.551523,516.25],[290.551523,527.75],[280.592231,533.5],[270.632939,527.75],[270.632939,516.25],[280.592231,510.5],[290.551523,516.25]]]}},{"type":"Feature","id":"5302","properties":{"geo_fips":"5302","census_geoid_119":"5302","geo_name":"Washington's 2nd","state_abbr":"WA","state_fips":"53","cx":259.807621,"cy":522.0,"col2":25,"row":29,"hex_neighbors":["5301","5306","5307","5310"]},"geometry":{"type":"Polygon","coordinates":[[[269.766913,516.25],[269.766913,527.75],[259.807621,533.5],[249.848329,527.75],[249.848329,516.25],[259.807621,510.5],[269.766913,516.25]]]}},{"type":"Feature","id":"5303","properties":{"geo_fips":"5303","census_geoid_119":"5303","geo_name":"Washington's 3rd","state_abbr":"WA","state_fips":"53","cx":228.630707,"cy":504.0,"col2":22,"row":28,"hex_neighbors":["4101","4105","5306","5310"]},"geometry":{"type":"Polygon","coordinates":[[[238.589999,498.25],[238.589999,509.75],[228.630707,515.5],[218.671415,509.75],[218.671415,498.25],[228.630707,492.5],[238.589999,498.25]]]}},{"type":"Feature","id":"5304","properties":{"geo_fips":"5304","census_geoid_119":"5304","geo_name":"Washington's 4th","state_abbr":"WA","state_fips":"53","cx":301.376841,"cy":522.0,"col2":29,"row":29,"hex_neighbors":["5301","5305","5308","5309"]},"geometry":{"type":"Polygon","coordinates":[[[311.336133,516.25],[311.336133,527.75],[301.376841,533.5],[291.417549,527.75],[291.417549,516.25],[301.376841,510.5],[311.336133,516.25]]]}},{"type":"Feature","id":"5305","properties":{"geo_fips":"5305","census_geoid_119":"5305","geo_name":"Washington's 5th","state_abbr":"WA","state_fips":"53","cx":322.16145,"cy":522.0,"col2":31,"row":29,"hex_neighbors":["3001","5304","5308"]},"geometry":{"type":"Polygon","coordinates":[[[332.120742,516.25],[332.120742,527.75],[322.16145,533.5],[312.202158,527.75],[312.202158,516.25],[322.16145,510.5],[332.120742,516.25]]]}},{"type":"Feature","id":"5306","properties":{"geo_fips":"5306","census_geoid_119":"5306","geo_name":"Washington's 6th","state_abbr":"WA","state_fips":"53","cx":239.023011,"cy":522.0,"col2":23,"row":29,"hex_neighbors":["5302","5303","5310"]},"geometry":{"type":"Polygon","coordinates":[[[248.982303,516.25],[248.982303,527.75],[239.023011,533.5],[229.063719,527.75],[229.063719,516.25],[239.023011,510.5],[248.982303,516.25]]]}},{"type":"Feature","id":"5307","properties":{"geo_fips":"5307","census_geoid_119":"5307","geo_name":"Washington's 7th","state_abbr":"WA","state_fips":"53","cx":270.199926,"cy":504.0,"col2":26,"row":28,"hex_neighbors":["4104","4106","5301","5302","5309","5310"]},"geometry":{"type":"Polygon","coordinates":[[[280.159218,498.25],[280.159218,509.75],[270.199926,515.5],[260.240634,509.75],[260.240634,498.25],[270.199926,492.5],[280.159218,498.25]]]}},{"type":"Feature","id":"5308","properties":{"geo_fips":"5308","census_geoid_119":"5308","geo_name":"Washington's 8th","state_abbr":"WA","state_fips":"53","cx":311.769145,"cy":504.0,"col2":30,"row":28,"hex_neighbors":["3001","4102","4103","5304","5305","5309"]},"geometry":{"type":"Polygon","coordinates":[[[321.728437,498.25],[321.728437,509.75],[311.769145,515.5],[301.809853,509.75],[301.809853,498.25],[311.769145,492.5],[321.728437,498.25]]]}},{"type":"Feature","id":"5309","properties":{"geo_fips":"5309","census_geoid_119":"5309","geo_name":"Washington's 9th","state_abbr":"WA","state_fips":"53","cx":290.984536,"cy":504.0,"col2":28,"row":28,"hex_neighbors":["4103","4104","5301","5304","5307","5308"]},"geometry":{"type":"Polygon","coordinates":[[[300.943828,498.25],[300.943828,509.75],[290.984536,515.5],[281.025244,509.75],[281.025244,498.25],[290.984536,492.5],[300.943828,498.25]]]}},{"type":"Feature","id":"5310","properties":{"geo_fips":"5310","census_geoid_119":"5310","geo_name":"Washington's 10th","state_abbr":"WA","state_fips":"53","cx":249.415316,"cy":504.0,"col2":24,"row":28,"hex_neighbors":["4105","4106","5302","5303","5306","5307"]},"geometry":{"type":"Polygon","coordinates":[[[259.374608,498.25],[259.374608,509.75],[249.415316,515.5],[239.456024,509.75],[239.456024,498.25],[249.415316,492.5],[259.374608,498.25]]]}},{"type":"Feature","id":"5401","properties":{"geo_fips":"5401","census_geoid_119":"5401","geo_name":"West Virginia's 1st","state_abbr":"WV","state_fips":"54","cx":581.969071,"cy":360.0,"col2":56,"row":20,"hex_neighbors":["4211","4213","4214","5106","5110","5402"]},"geometry":{"type":"Polygon","coordinates":[[[591.928363,354.25],[591.928363,365.75],[581.969071,371.5],[572.009779,365.75],[572.009779,354.25],[581.969071,348.5],[591.928363,354.25]]]}},{"type":"Feature","id":"5402","properties":{"geo_fips":"5402","census_geoid_119":"5402","geo_name":"West Virginia's 2nd","state_abbr":"WV","state_fips":"54","cx":561.184462,"cy":360.0,"col2":54,"row":20,"hex_neighbors":["3903","3906","4214","5106","5109","5401"]},"geometry":{"type":"Polygon","coordinates":[[[571.143754,354.25],[571.143754,365.75],[561.184462,371.5],[551.22517,365.75],[551.22517,354.25],[561.184462,348.5],[571.143754,354.25]]]}},{"type":"Feature","id":"5501","properties":{"geo_fips":"5501","census_geoid_119":"5501","geo_name":"Wisconsin's 1st","state_abbr":"WI","state_fips":"55","cx":457.261413,"cy":432.0,"col2":44,"row":24,"hex_neighbors":["1801","1802","2606","5504"]},"geometry":{"type":"Polygon","coordinates":[[[467.220705,426.25],[467.220705,437.75],[457.261413,443.5],[447.302121,437.75],[447.302121,426.25],[457.261413,420.5],[467.220705,426.25]]]}},{"type":"Feature","id":"5502","properties":{"geo_fips":"5502","census_geoid_119":"5502","geo_name":"Wisconsin's 2nd","state_abbr":"WI","state_fips":"55","cx":405.299889,"cy":450.0,"col2":39,"row":25,"hex_neighbors":["1713","1716","2702","5503","5506","5508"]},"geometry":{"type":"Polygon","coordinates":[[[415.259181,444.25],[415.259181,455.75],[405.299889,461.5],[395.340597,455.75],[395.340597,444.25],[405.299889,438.5],[415.259181,444.25]]]}},{"type":"Feature","id":"5503","properties":{"geo_fips":"5503","census_geoid_119":"5503","geo_name":"Wisconsin's 3rd","state_abbr":"WI","state_fips":"55","cx":415.692194,"cy":468.0,"col2":40,"row":26,"hex_neighbors":["2702","2704","2705","5502","5507","5508"]},"geometry":{"type":"Polygon","coordinates":[[[425.651486,462.25],[425.651486,473.75],[415.692194,479.5],[405.732902,473.75],[405.732902,462.25],[415.692194,456.5],[425.651486,462.25]]]}},{"type":"Feature","id":"5504","properties":{"geo_fips":"5504","census_geoid_119":"5504","geo_name":"Wisconsin's 4th","state_abbr":"WI","state_fips":"55","cx":436.476804,"cy":432.0,"col2":42,"row":24,"hex_neighbors":["1710","1801","5501","5506","5508"]},"geometry":{"type":"Polygon","coordinates":[[[446.436096,426.25],[446.436096,437.75],[436.476804,443.5],[426.517512,437.75],[426.517512,426.25],[436.476804,420.5],[446.436096,426.25]]]}},{"type":"Feature","id":"5505","properties":{"geo_fips":"5505","census_geoid_119":"5505","geo_name":"Wisconsin's 5th","state_abbr":"WI","state_fips":"55","cx":405.299889,"cy":414.0,"col2":39,"row":23,"hex_neighbors":["1705","1706","1710","1713","1714","5506"]},"geometry":{"type":"Polygon","coordinates":[[[415.259181,408.25],[415.259181,419.75],[405.299889,425.5],[395.340597,419.75],[395.340597,408.25],[405.299889,402.5],[415.259181,408.25]]]}},{"type":"Feature","id":"5506","properties":{"geo_fips":"5506","census_geoid_119":"5506","geo_name":"Wisconsin's 6th","state_abbr":"WI","state_fips":"55","cx":415.692194,"cy":432.0,"col2":40,"row":24,"hex_neighbors":["1710","1713","5502","5504","5505","5508"]},"geometry":{"type":"Polygon","coordinates":[[[425.651486,426.25],[425.651486,437.75],[415.692194,443.5],[405.732902,437.75],[405.732902,426.25],[415.692194,420.5],[425.651486,426.25]]]}},{"type":"Feature","id":"5507","properties":{"geo_fips":"5507","census_geoid_119":"5507","geo_name":"Wisconsin's 7th","state_abbr":"WI","state_fips":"55","cx":436.476804,"cy":468.0,"col2":42,"row":26,"hex_neighbors":["2603","2704","5503","5508"]},"geometry":{"type":"Polygon","coordinates":[[[446.436096,462.25],[446.436096,473.75],[436.476804,479.5],[426.517512,473.75],[426.517512,462.25],[436.476804,456.5],[446.436096,462.25]]]}},{"type":"Feature","id":"5508","properties":{"geo_fips":"5508","census_geoid_119":"5508","geo_name":"Wisconsin's 8th","state_abbr":"WI","state_fips":"55","cx":426.084499,"cy":450.0,"col2":41,"row":25,"hex_neighbors":["5502","5503","5504","5506","5507"]},"geometry":{"type":"Polygon","coordinates":[[[436.043791,444.25],[436.043791,455.75],[426.084499,461.5],[416.125207,455.75],[416.125207,444.25],[426.084499,438.5],[436.043791,444.25]]]}},{"type":"Feature","id":"5601","properties":{"geo_fips":"5601","census_geoid_119":"5600","geo_name":"Wyoming's At-Large","state_abbr":"WY","state_fips":"56","cx":332.553755,"cy":468.0,"col2":32,"row":26,"hex_neighbors":["1601","1901","1904","3002","4102","4903"]},"geometry":{"type":"Polygon","coordinates":[[[342.513047,462.25],[342.513047,473.75],[332.553755,479.5],[322.594463,473.75],[322.594463,462.25],[332.553755,456.5],[342.513047,462.25]]]}}]}